texto_conversacion,intencion_consenso,intencion_heuristica_baseline,fuente,fecha,estado_crm,etiqueta_crm
CIUDAD: Cuenca | MENSAJE: Expectacular  proyecto  eres un artista !!!,INF,INF,WhatsApp,23/11/2025,,
CIUDAD: Manta | MENSAJE: ‎IMG-20250305-WA0044.jpg (archivo adjunto),,INF,WhatsApp,5/3/2025,,
"ETIQUETA: Informacion General, Asesoramiento Tecnico | ESTADO: Contactado | CONSULTA: Consulta sobre producto | NOTAS: interesado en moldes para fachada de un proyecto",INF,INF,CRM2,12/06/2024,Contactado,"Informacion General, Asesoramiento Tecnico"
"ETIQUETA: Cotizacion Materiales, Asesoramiento Tecnico | ESTADO: Contactado | NOTAS: 200 m2 C/E asistencia tecnica",TEC,COT,CRM2,26/02/2024,Contactado,"Cotizacion Materiales, Asesoramiento Tecnico"
ETIQUETA: Informacion General | ESTADO: Contactado | NOTAS: INFO GENERAL - ADOQUINES,INF,INF,CRM2,21/09/2023,Contactado,Informacion General
ETIQUETA: Email inválido | ESTADO: Nuevo | NOTAS: ARQUITECTOS,,INF,CRM2,13/05/2024,Nuevo,Email inválido
CIUDAD: Loja | MENSAJE: Buenos días estimados clientes adjunto la lista de precios actualizados aqui pueden ver los precios con beneficios para nuestros aplicadores,COT,COT,WhatsApp,27/5/2025,,
ETIQUETA: Informacion General | ESTADO: Contactado | NOTAS: INFO MICROCEMENTO,INF,INF,CRM2,02/05/2024,Contactado,Informacion General
CIUDAD: Guayaquil | MENSAJE: Ya me comunico con usted por interno,INF,INF,WhatsApp,7/11/2025,,
ETIQUETA: Informacion General | ESTADO: Contactado | NOTAS: info productos sello,INF,INF,CRM1,09/06/2023,Contactado,Informacion General
"ETIQUETA: Informacion General, Email inválido | ESTADO: Contactado | CONSULTA: Asesor: Hola, estoy conectada, te puedo ayudar en algo? Cliente: Buenos días necesito pigmento al por mayor para adoquines Asesor: Cual es tu nombre? Cliente: Soy Marcelino Asesor: Excelente Marcelino | NOTAS: INFO PIGMENTOS",INF,INF,CRM2,19/04/2024,Contactado,"Informacion General, Email inválido"
CIUDAD: Quito | MENSAJE: Este tipo  de productos y de aplicacion  mata el acabado de Microcemento  que estan hermoso !!!!,INF,TEC,WhatsApp,2/7/2025,,
"ETIQUETA: Informacion General | ESTADO: Contactado | CONSULTA: Asesor: Hola, estoy conectada, te puedo ayudar en algo? Cliente: Buenas tardes, cuentan con un catalogo digital de colores de microcemento? Asesor: Cual es tu nombre? Cliente: Mi nombre es Michelle Gu | NOTAS: INFO MICRO",INF,INF,CRM2,07/09/2023,Contactado,Informacion General
CIUDAD: Manta | MENSAJE: Estimado buenas tardes envio catalogo de moldes y herramientas en las ultimas hojas puede visualizar el precio de las herramientas solicitadas,COT,COT,WhatsApp,12/6/2024,,
ETIQUETA: Informacion General | ESTADO: Contactado | NOTAS: SE ENVIO PRESENTACION Y CATALOGOS JEVA,INF,INF,CRM1,23/03/2023,Contactado,Informacion General
CIUDAD: Quito | MENSAJE: Mñanaa te verifico 👍🏻,INF,INF,WhatsApp,17/2/2025,,
CIUDAD: Loja | MENSAJE: De segunda vendame,INF,INF,WhatsApp,22/4/2026,,
"ETIQUETA: Informacion General | ESTADO: Contactado | CONSULTA: Asesor: Hola, estoy conectada, te puedo ayudar en algo? Cliente: Buenas Tardes Asesor: ¿Cómo estás? Cuéntame, ¿en que te puedo servir? Cliente: Por favor me pude dar informacion acerca del microcement | NOTAS: INFO GENERAL",INF,INF,CRM2,04/08/2023,Contactado,Informacion General
"ETIQUETA: Informacion General, Email inválido | ESTADO: Contactado | NOTAS: se le envio la información vía telefónica",INF,INF,CRM2,04/08/2023,Contactado,"Informacion General, Email inválido"
ETIQUETA: Informacion General | ESTADO: En seguimiento,INF,SEG,CRM1,15/05/2023,En seguimiento,Informacion General
CIUDAD: Manta | MENSAJE: ‎IMG-20251220-WA0000.jpg (archivo adjunto),,INF,WhatsApp,15/12/2025,,
CIUDAD: Quito | MENSAJE: ‎IMG-20260302-WA0035.jpg (archivo adjunto),,INF,WhatsApp,2/3/2026,,
CIUDAD: Cuenca | MENSAJE: Se necesita tener mucho cuidado en la dosificación y la pala se compra en mercado libre,TEC,VEN,WhatsApp,22/11/2025,,
CIUDAD: Manta | MENSAJE: Mañana es dia de coordinación  ajustes etc pero estaremos desde las 9h00,INF,INF,WhatsApp,4/3/2025,,
CIUDAD: Quito | MENSAJE: Adjunto precios de Aplicadores en los Kits,COT,COT,WhatsApp,17/2/2025,,
"ETIQUETA: Informacion General | ESTADO: En seguimiento | NOTAS: CLIENTE CONSTRUEX, INF C/E",INF,SEG,CRM2,24/06/2024,En seguimiento,Informacion General
CIUDAD: Quito | MENSAJE: Buenas tardes algún aplicador en macas ?,INF,INF,WhatsApp,18/8/2025,,
CIUDAD: Quito | MENSAJE: Hay algún pintor en el grupo que traje también con yeso acartonado,INF,INF,WhatsApp,21/4/2026,,
CIUDAD: Quito | MENSAJE: Tengan cuidado de usar pulidoras o productos muy abrasivos,TEC,INF,WhatsApp,8/4/2026,,
"CIUDAD: Quito | MENSAJE: Buenas tardes arquitecta, gracias por mantenernos informados, estaré haciendo llegar mis consultas.",INF,INF,WhatsApp,17/2/2025,,
CIUDAD: Guayaquil | MENSAJE: Hola buenos días,INF,INF,WhatsApp,8/9/2025,,
ETIQUETA: Informacion General | ESTADO: Contactado | NOTAS: PIGMENTO 2 KG,INF,INF,CRM2,25/07/2023,Contactado,Informacion General
CIUDAD: Guayaquil | MENSAJE: ‎IMG-20251220-WA0004.jpg (archivo adjunto),,INF,WhatsApp,20/12/2025,,
"CIUDAD: Quito | MENSAJE: tendremos disponibilidad para la proxima semana , estamos esperando materia prima , por los temas de la guerra los buques estan retrasados",INF,INF,WhatsApp,22/4/2026,,
"ETIQUETA: Informacion General, Asesoramiento Tecnico | ESTADO: Visita Tecnica | NOTAS: 35 m2 micro / si esta interesada nos llamara",INF,TEC,CRM1,15/05/2023,Visita Tecnica,"Informacion General, Asesoramiento Tecnico"
"ETIQUETA: Cotización Obra, Informacion General | ESTADO: Contactado | NOTAS: PRECIO 89M2 MICRO PISO",COT,COT,CRM1,14/06/2023,Contactado,"Cotización Obra, Informacion General"
"ETIQUETA: Informacion General | ESTADO: Contactado | NOTAS: BASE DE DATOS LOJA,Información curso LOJA",CUR,CUR,CRM2,09/11/2023,Contactado,Informacion General
ETIQUETA: Email - Numero inválido | ESTADO: numero no valido | NOTAS: NUMERO NO VALIDO BASE DE DATOS,,INF,CRM2,09/11/2023,numero no valido,Email - Numero inválido
"CIUDAD: Loja | MENSAJE: Ya le enviaron  proforma de los materiales ,m",COT,COT,WhatsApp,26/11/2024,,
"ETIQUETA: Cotización Obra, Informacion General | ESTADO: Contactado",INF,INF,CRM1,06/07/2023,Contactado,"Cotización Obra, Informacion General"
"CIUDAD: Cuenca | MENSAJE: O si quiere mas claro puedes usar cuarzo gris claro ,desmoldante gris y luego le envejeces un poquito",TEC,INF,WhatsApp,24/11/2025,,
"ETIQUETA: Informacion General | ESTADO: Contactado | CONSULTA: Asesor: Hola, estoy conectada, te puedo ayudar en algo? Cliente: Hola buenas tardes. Estoy buscando una opción para un piso que rodea a una piscina irregular. Actualmente está puesta una piedra laja c | NOTAS: cliente interesado en concreto estampado",INF,INF,CRM2,04/05/2024,Contactado,Informacion General
CIUDAD: Guayaquil | MENSAJE: por favor me pueden confirmar ?,INF,INF,WhatsApp,25/3/2026,,
ETIQUETA: Informacion General | ESTADO: Contactado | CONSULTA: Estoy intentando en comprar el pigmento | NOTAS: INFO PIGMENTOS,VEN,VEN,CRM2,22/04/2024,Contactado,Informacion General
CIUDAD: Guayaquil | MENSAJE: Ok gracias mi estimado,INF,INF,WhatsApp,27/8/2025,,
"ETIQUETA: Informacion General | ESTADO: Contactado | CONSULTA: Asesor: Hola, estoy conectada, te puedo ayudar en algo? Cliente: Buen día. Necesito sellador para pisos de hormigón Asesor: Cual es tu nombre? Asesor: Sigues ahí? Cliente: Cristian Avalos Asesor: Exce",INF,INF,CRM1,29/05/2023,Contactado,Informacion General
ETIQUETA: Informacion General | ESTADO: Nuevo | NOTAS: se envio presentacion y catalogos jeva,INF,INF,CRM1,28/03/2023,Nuevo,Informacion General
ETIQUETA: Informacion General | ESTADO: Contactado | NOTAS: info curso y general,CUR,CUR,CRM1,03/07/2023,Contactado,Informacion General
"ETIQUETA: Informacion General | ESTADO: Contactado | CONSULTA: Asesor: Hola, estoy conectada, te puedo ayudar en algo? Cliente: Buena tarde. Necesito endurecedor para hormigón fresco color Sonora buf Asesor: Cual es tu nombre? Cliente: Silvia Lovato Asesor: Excel | NOTAS: INFO GENERANAL",INF,INF,CRM2,14/12/2023,Contactado,Informacion General
"ETIQUETA: Email inválido | ESTADO: En seguimiento | NOTAS: CLIENTE BASE CONSTRUEX,cliente duplicado",,SEG,CRM2,11/04/2024,En seguimiento,Email inválido
ETIQUETA: Email - Numero inválido | ESTADO: numero no valido | NOTAS: numero no valido,,INF,CRM2,14/11/2023,numero no valido,Email - Numero inválido
"ETIQUETA: Informacion General | ESTADO: Contactado | CONSULTA: Asesor: Hola, estoy conectada, te puedo ayudar en algo? Cliente: buenos dias Asesor: ¿Cómo estás? Cuéntame, ¿en que te puedo servir? Cliente: marina Cliente: quisiera saber si se puede aplicar microce | NOTAS: INFO MICRO",INF,INF,CRM2,01/11/2023,Contactado,Informacion General
"CIUDAD: Quito | MENSAJE: Gracias Arq , la experiencia también cuenta",INF,INF,WhatsApp,13/5/2025,,
"CIUDAD: Loja | MENSAJE: Buenos días, una vereda de 40 m2, quiero paleteale fino y aplicarle ácido, puedo colocarle el ácido terminado el paleteado y cuanto litros necesito,   además del óxido tienen en otros colores y debo lavarse luego de su aplicación, me puede indicar el",TEC,INF,WhatsApp,14/11/2024,,
ETIQUETA: Informacion General | ESTADO: Contactado | NOTAS: se envió información general y catálogos - base de datos,INF,INF,CRM2,05/09/2023,Contactado,Informacion General
"ETIQUETA: Informacion General | ESTADO: Contactado | CONSULTA: tengo un piso de microcemento que es totalmente mate, quisiera un producto o sellador que le de un toque de brillo o satinado, no muy brillante como espejo pero si que quede satinado | NOTAS: Se envio msj al cliente.",TEC,INF,CRM2,09/10/2024,Contactado,Informacion General
ETIQUETA: Envio masivo whasapp | ESTADO: Contactado | NOTAS: se envió información y números de contacto,INF,INF,CRM1,22/02/2023,Contactado,Envio masivo whasapp
"ETIQUETA: Informacion General | ESTADO: Contactado | CONSULTA: Asesor: Hola, estoy conectada, te puedo ayudar en algo? Cliente: Buenos días Marina, me gustaría recibir información sobre el servicio de microcemento. Cuánto cuesta? Y si ustedes ofrecen la instalaci | NOTAS: info micro",COT,INF,CRM2,06/03/2024,Contactado,Informacion General
ETIQUETA: Seguimiento de presentacion | ESTADO: Contactado | NOTAS: SE ENVIO CATALOGOS Y PRESENTACION,INF,SEG,CRM1,03/05/2023,Contactado,Seguimiento de presentacion
"ETIQUETA: Informacion General | ESTADO: Contactado | CONSULTA: Asesor: Hola, estoy conectada, te puedo ayudar en algo? Cliente: Hola Marina estoy buscando un micro cemento para colocarlo en el piso Asesor: Cual es tu nombre? Cliente: Monica Asesor: Excelente Moni | NOTAS: Se envió información via mail",INF,INF,CRM2,29/05/2024,Contactado,Informacion General
"ETIQUETA: Informacion General | ESTADO: Contactado | CONSULTA: Asesor: Hola, estoy conectada, te puedo ayudar en algo? Cliente: hola buenos dias necesito cotizar 1000 kg de desmoldante en polvo 0958990008 escribirme primero mpor whatsapp Asesor: Cual es tu nombre | NOTAS: Desea 1000 kg de demosdante, se encuentra en manta, 87.00 + IVA LA CAJA",COT,INF,CRM2,16/10/2023,Contactado,Informacion General
"ETIQUETA: Informacion General | ESTADO: Contactado | CONSULTA: Asesor: Hola, estoy conectada, te puedo ayudar en algo? Cliente: Buenas noches como funciona el alquiler de moldes para estampar. Gracias Asesor: Cual es tu nombre? Cliente: Gina Pozo Arellano Asesor: | NOTAS: se le envió información, esta como Dina Pozo",INF,INF,CRM2,24/07/2023,Contactado,Informacion General
"ETIQUETA: Cotización Obra, Cotizacion Materiales, Informacion General, Email inválido | ESTADO: En seguimiento | NOTAS: Se envió WhatsApp de seguimiento",INF,COT,CRM2,29/04/2024,En seguimiento,"Cotización Obra, Cotizacion Materiales, Informacio"
ETIQUETA: Informacion General | ESTADO: Contactado | NOTAS: MAESTROS 25 m2 micro /maestros,INF,INF,CRM1,29/06/2023,Contactado,Informacion General
"ETIQUETA: Informacion General | ESTADO: Contactado | CONSULTA: Asesor: Hola, estoy conectada, te puedo ayudar en algo? Cliente: Buenos días Asesor: ¿Cómo estás? Cuéntame, ¿en que te puedo servir? Cliente: Necesito consultar si dispone de cubetos metálicos de 5 ga | NOTAS: INFO DE CUBETOS",INF,INF,CRM2,16/04/2024,Contactado,Informacion General
"ETIQUETA: Informacion General | ESTADO: Contactado | CONSULTA: Asesor: Hola, estoy conectada, te puedo ayudar en algo? Cliente: buyen dia Asesor: ¿Cómo estás? Cuéntame, ¿en que te puedo servir? Cliente: tien azucolor para pisos en color rojo Asesor: Cual es tu no | NOTAS: desea materiales para un piso rojo",INF,INF,CRM2,06/06/2024,Contactado,Informacion General
ETIQUETA: Informacion General | ESTADO: Contactado | NOTAS: interesado en concreto estampado la próxima semana se comunica se le escribio el me avisa aun no tiene fecha 22/06,INF,INF,CRM1,14/06/2023,Contactado,Informacion General
CIUDAD: Loja | MENSAJE: ‎PRECIOS GENERALES  2025.pdf (archivo adjunto),COT,COT,WhatsApp,27/5/2025,,
"CIUDAD: Guayaquil | MENSAJE: A todos, que tengan un excelente feriado.",INF,INF,WhatsApp,22/5/2025,,
ETIQUETA: Cotizacion Materiales | ESTADO: Contactado | NOTAS: se le cotizo microcemento materiales para 120m2 en loja,COT,COT,CRM1,08/06/2023,Contactado,Cotizacion Materiales
ETIQUETA: Informacion General | ESTADO: Contactado | NOTAS: INFO GENERAL,INF,INF,CRM1,03/07/2023,Contactado,Informacion General
ETIQUETA: Cotización Obra | ESTADO: Contactado | NOTAS: 134 m2 C/E,COT,INF,CRM2,08/09/2023,Contactado,Cotización Obra
ETIQUETA: Informacion General | ESTADO: Contactado | NOTAS: Desean información sobre concreto estampado en pared / acabados para fachada 25 m2 en Puembo - Se envió información general,INF,INF,CRM2,02/02/2024,Contactado,Informacion General
ETIQUETA: Email - Numero inválido | ESTADO: Nuevo | NOTAS: se envió WhatsApp y catálogos,INF,INF,CRM1,09/03/2023,Nuevo,Email - Numero inválido
ETIQUETA: Informacion General | ESTADO: En seguimiento | NOTAS: Interesado en microcemento- Cliente construex,INF,SEG,CRM2,16/04/2024,En seguimiento,Informacion General
CIUDAD: Manta | MENSAJE: Dónde es la ubicación ?,INF,INF,WhatsApp,4/3/2025,,
"ETIQUETA: Informacion General | ESTADO: Contactado | CONSULTA: Asesor: Hola, estoy conectada, te puedo ayudar en algo? Cliente: Hola, me puede ayudar con el valor por m2 del microcemento Asesor: Cual es tu nombre? Cliente: Daniela Arcentales Asesor: Excelente Dan | NOTAS: se envió información general y catálogos, esta interesado en micro cemento",COT,INF,CRM2,22/11/2023,Contactado,Informacion General
"ETIQUETA: Informacion General | ESTADO: Contactado | NOTAS: PROSPECTO FERIA CLAVE , INF MICROCEMENTO,se envío información y catalogo general",INF,INF,CRM2,14/06/2024,Contactado,Informacion General
ETIQUETA: Informacion General | ESTADO: Contactado | NOTAS: ARQUITECTOS Se envió catálogo general,INF,INF,CRM2,29/05/2024,Contactado,Informacion General
ETIQUETA: Informacion General | ESTADO: Contactado | NOTAS: INFO PIGMENTOS,INF,INF,CRM2,25/08/2023,Contactado,Informacion General
"ETIQUETA: Informacion General | ESTADO: Contactado | CONSULTA: Asesor: Hola, estoy conectada, te puedo ayudar en algo? Cliente: porfavor comuniquese conmigo 0984230802 Asesor: Cual es tu nombre? Asesor: Sigues ahí? Cliente: Ana lucia Asesor: Te puedo pedir además | NOTAS: se envió información y catalogo general",INF,INF,CRM2,10/06/2024,Contactado,Informacion General
"ETIQUETA: Cliente Derivado provincias | ESTADO: Cliente Frecuente | NOTAS: Se envió WhatsApp masivo,se envio contacto de arq Miguel Vera",INF,INF,CRM1,22/02/2023,Cliente Frecuente,Cliente Derivado provincias
"ETIQUETA: Informacion General | ESTADO: Contactado | CONSULTA: Asesor: Hola, estoy conectada, te puedo ayudar en algo? Cliente: hola Asesor: ¿Cómo estás? Cuéntame, ¿en que te puedo servir? Cliente: buenas Cliente: mi nombre es joselyn Asesor: Cual es tu nombre? C | NOTAS: se envió catalogo y presentación se envio información del curso",CUR,CUR,CRM1,26/04/2023,Contactado,Informacion General
ETIQUETA: Asesoramiento Tecnico | ESTADO: Contactado | CONSULTA: Hola quisiera información para adquirir un kit | NOTAS: interesado en colocar microcemento en baños de un hotel montañita,INF,INF,CRM2,05/06/2024,Contactado,Asesoramiento Tecnico
"ETIQUETA: Informacion General | ESTADO: Contactado | CONSULTA: Asesor: Hola, estoy conectada, te puedo ayudar en algo? Cliente: hola Asesor: ¿Cómo estás? Cuéntame, ¿en que te puedo servir? Cliente: tienen celosias de hormigon? Asesor: Cual es tu nombre? Cliente:  | NOTAS: El cliente requiere otro producto,se adjunta catalogo general de nuestros productos.",INF,INF,CRM2,07/11/2024,Contactado,Informacion General
ETIQUETA: Cotizacion Materiales | ESTADO: Contactado | NOTAS: se le envió cotización de materiales para concreto estampado,COT,COT,CRM1,05/07/2023,Contactado,Cotizacion Materiales
"ETIQUETA: Informacion General | ESTADO: En seguimiento | NOTAS: CLIENTE BASE CONSTRUEX,se envió información y catalogo general",INF,SEG,CRM2,11/04/2024,En seguimiento,Informacion General
"ETIQUETA: Informacion General | ESTADO: Contactado | CONSULTA: Asesor: Hola, estoy conectada, te puedo ayudar en algo? Cliente: buenos dias Asesor: ¿Cómo estás? Cuéntame, ¿en que te puedo servir? Cliente: que producto puedo mezclar con arena y cemento para impedi | NOTAS: se envió información general y catalogo",TEC,INF,CRM2,06/06/2024,Contactado,Informacion General
"ETIQUETA: Cotizacion Materiales, Informacion General, Asesoramiento Tecnico | ESTADO: Contactado | CONSULTA: Por favor podría ayudarme con una cotización para aplicar hormigón pulido en piso en una obra de la ciudad de El Empalme | NOTAS: INFO MICROCEMENTO Y CE",COT,COT,CRM2,19/04/2024,Contactado,"Cotizacion Materiales, Informacion General, Asesor"
"ETIQUETA: Informacion General | ESTADO: Contactado | CONSULTA: Asesor: Hola, estoy conectada, te puedo ayudar en algo? Cliente: Ayúdame con información Asesor: Cual es tu nombre? Cliente: Estefania Zuleta Asesor: Excelente Estefania. Yo me encargo de ponerte en c | NOTAS: Se envia catalogo general de nuestros productos.",INF,INF,CRM2,02/09/2024,Contactado,Informacion General
CIUDAD: Loja | MENSAJE: Amigps como estan,INF,INF,WhatsApp,7/11/2024,,
ETIQUETA: Email - Numero inválido | ESTADO: Contactado | NOTAS: se envio presentacion y catalogos agendas,,INF,CRM1,28/03/2023,Contactado,Email - Numero inválido
ETIQUETA: Envio masivo whasapp | ESTADO: Contactado | NOTAS: Se envió WhatsApp 07/03,INF,INF,CRM1,06/03/2023,Contactado,Envio masivo whasapp
CIUDAD: Quito | MENSAJE: Hola Walter te envio audio,INF,INF,WhatsApp,2/3/2026,,
CIUDAD: Quito | MENSAJE: Los vamos a mantener !!,INF,INF,WhatsApp,30/6/2025,,
"ETIQUETA: Informacion General, Email inválido | ESTADO: Contactado | NOTAS: CLIENTE COSNTRUEX",,INF,CRM2,09/05/2024,Contactado,"Informacion General, Email inválido"
ETIQUETA: Informacion General | ESTADO: Contactado | CONSULTA: Me interesaría en alquilar moldes | NOTAS: Se le envió información general y catalogos,INF,INF,CRM2,16/08/2023,Contactado,Informacion General
"ETIQUETA: Informacion General | ESTADO: Contactado | CONSULTA: Asesor: Hola, estoy conectada, te puedo ayudar en algo? Cliente: Buen día que precio tiene el metro que diseños hay ,es resbaloso y si el piso es un poco irregular también sirve? Asesor: Cual es tu no | NOTAS: Se envío información general y catálogos, por correo. SJ",COT,COT,CRM1,15/05/2023,Contactado,Informacion General
CIUDAD: Loja | MENSAJE: ‎IMG-20250717-WA0027.jpg (archivo adjunto),,INF,WhatsApp,17/7/2025,,
ETIQUETA: Informacion General | ESTADO: Contactado | CONSULTA: Cemento pulido para pisos | NOTAS: Se envia catalogo general y catalogo microcemento.,INF,INF,CRM2,09/09/2024,Contactado,Informacion General
"ETIQUETA: Informacion General | ESTADO: Contactado | CONSULTA: Asesor: Hola, estoy conectada, te puedo ayudar en algo? Cliente: Marina buenos dias como le va soy Monica Zambrano Asesor: Cual es tu nombre? Cliente: queria consultarle si ustedes distribuyen cera pa | NOTAS: INFO DE CERA PARA PISOS",INF,INF,CRM2,16/10/2023,Contactado,Informacion General
"ETIQUETA: Informacion General | ESTADO: Contactado | CONSULTA: Asesor: Hola, estoy conectada, te puedo ayudar en algo? Cliente: Buen día..precio de los moldes para estampar en cemento Asesor: Cual es tu nombre? Cliente: ESPERANZA Asesor: Yo me encargo de ponerte  | NOTAS: se envió información de catálogos y concreto estampado vía coreo electrónico",COT,COT,CRM2,03/12/2023,Contactado,Informacion General
"CIUDAD: Manta | MENSAJE: Buenas tardes, gracias por la información. Saludos.",INF,INF,WhatsApp,26/8/2025,,
CIUDAD: Quito | MENSAJE: Gracias le escribo por interno,INF,INF,WhatsApp,5/5/2026,,
"ETIQUETA: Informacion General | ESTADO: Contactado | CONSULTA: Asesor: Hola, estoy conectada, te puedo ayudar en algo? Cliente: Nese cito el cupo para el curso . Asesor: Cual es tu nombre? Cliente: Victor Andy Asesor: Excelente Andy. Yo me encargo de ponerte en c | NOTAS: Cliente interesado en el curso",CUR,CUR,CRM2,28/05/2024,Contactado,Informacion General
"ETIQUETA: Envio masivo whasapp, Email - Numero inválido | ESTADO: Contactado | NOTAS: Se envió WhatsApp masivo,se envió presentación",,INF,CRM1,22/02/2023,Contactado,"Envio masivo whasapp, Email - Numero inválido"
ETIQUETA: Informacion General | ESTADO: Contactado | NOTAS: se le envió información general y catálogos,INF,INF,CRM1,06/03/2023,Contactado,Informacion General
CIUDAD: Manta | MENSAJE: En la 5 de junio y manabi,INF,INF,WhatsApp,4/3/2025,,
ETIQUETA: Cotizacion Materiales | ESTADO: Contactado | NOTAS: se le indico el precio por m2 de microcemento para 25m2 y se le dio números de maestros,COT,COT,CRM1,06/06/2023,Contactado,Cotizacion Materiales
"ETIQUETA: Informacion General | ESTADO: Contactado | CONSULTA: Asesor: Hola, estoy conectada, te puedo ayudar en algo? Cliente: Hola maria, SoyCarlos soy arquitecto y necesito informacion sobre su producto Asesor: Excelente Maria. Yo me encargo de ponerte en cont | NOTAS: Se envió información general y catalogo",INF,INF,CRM2,11/07/2024,Contactado,Informacion General
"ETIQUETA: Informacion General | ESTADO: En seguimiento | NOTAS: CLIENTE BASE CONSTRUEX,se envió información general y catalogos",INF,SEG,CRM2,11/04/2024,En seguimiento,Informacion General
CIUDAD: Quito | MENSAJE: Felicidades !!!! Se ve muy bien esa pared !!!!,INF,INF,WhatsApp,26/2/2025,,
ETIQUETA: Info sobre microcemento | ESTADO: Contactado | NOTAS: SE CONTACTÓ POR WHATSAPP,INF,INF,CRM2,06/09/2024,Contactado,Info sobre microcemento
"ETIQUETA: Informacion General | ESTADO: Contactado | CONSULTA: Asesor: Hola, estoy conectada, te puedo ayudar en algo? Cliente: Saludos, quisiera saber el costo del concreto estampado Asesor: Cual es tu nombre? Cliente: Miguel Asesor: Excelente Miguel. Yo me enca | NOTAS: se le dio precio del concreto estampado",COT,COT,CRM1,19/05/2023,Contactado,Informacion General
"ETIQUETA: Informacion General | ESTADO: Contactado | NOTAS: nos vio en Instagram y me llamo, se le ha enviado catálogos de moldes- Guayaquil",INF,INF,CRM1,21/06/2023,Contactado,Informacion General
ETIQUETA: Cotizacion Materiales | ESTADO: Contactado | NOTAS: COTIZACION MATERIALES 40 M2,COT,COT,CRM2,28/03/2024,Contactado,Cotizacion Materiales
ETIQUETA: Informacion General | ESTADO: Contactado | NOTAS: se envío información general y catalogos,INF,INF,CRM2,30/10/2023,Contactado,Informacion General
ETIQUETA: Informacion General | ESTADO: Contactado | NOTAS: se envio catalogp y presentacion agendas,INF,INF,CRM1,28/03/2023,Contactado,Informacion General
"ETIQUETA: Cotización Obra, Informacion General | ESTADO: En seguimiento | NOTAS: OBRA C/E 222 m2 SANGOLQUI",COT,SEG,CRM1,08/06/2023,En seguimiento,"Cotización Obra, Informacion General"
"CIUDAD: Guayaquil | MENSAJE: hay algún inconveniente de pedir aditivos de impermeabilización, acelerante, etc a la hormigonera",TEC,INF,WhatsApp,7/11/2025,,
"ETIQUETA: Cotización Obra, Informacion General | ESTADO: Contactado | NOTAS: 182 M2 MICRO FACHADA ENCOFRADO",COT,INF,CRM2,07/11/2023,Contactado,"Cotización Obra, Informacion General"
CIUDAD: Quito | MENSAJE: Amigos suban sus videos y fotos del taller. Muchas gracias,CUR,CUR,WhatsApp,29/3/2026,,
CIUDAD: Manta | MENSAJE: Saludos Arquitecta así es,INF,INF,WhatsApp,25/4/2024,,
"ETIQUETA: Info sobre microcemento | ESTADO: Nuevo | CONSULTA: Asesor: Hola, estoy conectada, te puedo ayudar en algo? Cliente: Precio del micro cemento por favor? Asesor: Cual es tu nombre? Cliente: Rodrigo Asesor: Excelente Rodrigo. Yo me encargo de ponerte en  | NOTAS: SE CONTACTÓ POR WHATSAPP",COT,COT,CRM2,04/09/2024,Nuevo,Info sobre microcemento
ETIQUETA: Informacion General | ESTADO: Contactado | NOTAS: se le direcciono a un maestro quieren hacer un mesón,INF,INF,CRM1,06/06/2023,Contactado,Informacion General
CIUDAD: Manta | MENSAJE: Vamos a estar un poco mas de un mes en la aplicacion de 1200 m2 .. asi que pasen cuando puedo puedan para  quw vean como va quedando el acabado !!,INF,TEC,WhatsApp,4/3/2025,,
CIUDAD: Cuenca | MENSAJE: ‎IMG-20250702-WA0032.jpg (archivo adjunto),,INF,WhatsApp,24/11/2025,,
"ETIQUETA: Email inválido | ESTADO: En seguimiento | CONSULTA: Asesor: Hola, estoy conectada, te puedo ayudar en algo? Cliente: Hola por favor quiero que me ayudes con información y una cotización de microcemento y cemento decorativo Asesor: Cual es tu nombre? Cl | NOTAS: estar pendiente de que envíe las fotos a ver si necesita mortero",COT,SEG,CRM2,02/08/2023,En seguimiento,Email inválido
CIUDAD: Loja | MENSAJE: Pero es para un espacio en donde se venderán cárnicos.,INF,INF,WhatsApp,7/11/2024,,
ETIQUETA: Informacion General | ESTADO: Contactado | NOTAS: INFO MICRO,INF,INF,CRM2,15/08/2023,Contactado,Informacion General
CIUDAD: Quito | MENSAJE: Aca les adjunto un video de microcemento  innov !!,INF,INF,WhatsApp,2/7/2025,,
ETIQUETA: Informacion General | ESTADO: Contactado | NOTAS: Desea trabajar con nosotros,INF,INF,CRM1,05/06/2023,Contactado,Informacion General
"ETIQUETA: Info sobre microcemento | ESTADO: Contactado | CONSULTA: Asesor: Hola, estoy conectada, te puedo ayudar en algo? Cliente: Hola, busco polvonde cuarzo .... Asesor: Cual es tu nombre? Cliente: Lando .... Asesor: Yo me encargo de ponerte en contacto con un ase | NOTAS: SE CONTACTÓ POR WHATSAPP",INF,INF,CRM2,07/09/2024,Contactado,Info sobre microcemento
CIUDAD: Quito | MENSAJE: Buenas tardes disculpen talvez alguien tiene un precio referencial de colocación de microcemento en paredes ?,COT,COT,WhatsApp,7/4/2026,,
ETIQUETA: Informacion General | ESTADO: Contactado | NOTAS: SE LE ENVIO INFORMACION GENERAL,INF,INF,CRM2,08/08/2023,Contactado,Informacion General
"ETIQUETA: Informacion General | ESTADO: Contactado | NOTAS: SE ENVIO CATALOGOS Y PRESENTACION,pidió numero para hacer unas consultas",INF,INF,CRM1,05/05/2023,Contactado,Informacion General
ETIQUETA: Informacion General | ESTADO: En seguimiento | NOTAS: CLIENTE CONSTRUEX. INF. MICROCEMENO,INF,SEG,CRM2,01/07/2024,En seguimiento,Informacion General
ETIQUETA: Email - Numero inválido | ESTADO: Nuevo | NOTAS: se envió mail y catalogos,INF,INF,CRM1,09/03/2023,Nuevo,Email - Numero inválido
"ETIQUETA: Informacion General | ESTADO: En seguimiento | NOTAS: CLIENTE CONSTRUEX,se envio información y catalogo general",INF,SEG,CRM2,27/05/2024,En seguimiento,Informacion General
"ETIQUETA: Envio masivo whasapp | ESTADO: Contactado | NOTAS: JEVA,Se envió WhatsApp masivo se envió presentación y catálogos JEVA",INF,INF,CRM1,21/03/2023,Contactado,Envio masivo whasapp
CIUDAD: Quito | MENSAJE: *Lista de precios !*,COT,COT,WhatsApp,30/3/2026,,
"ETIQUETA: Venta ganada | ESTADO: Contactado | NOTAS: venta de materiales por $5,227.04 para Guayaquil, después de la entrega realizarle la encuesta al cliente.",VEN,INF,CRM1,22/06/2023,Contactado,Venta ganada
CIUDAD: Guayaquil | MENSAJE: Muy buenas tardes estimados clientes sean bienvenidos al grupo de información de Rocktec,INF,INF,WhatsApp,22/5/2025,,
ETIQUETA: Email - Numero inválido | ESTADO: Nuevo | NOTAS: numero no valido,,INF,CRM1,09/03/2023,Nuevo,Email - Numero inválido
ETIQUETA: Email - Numero inválido | ESTADO: Contactado | NOTAS: NUMERO INVALIDO,,INF,CRM2,29/04/2024,Contactado,Email - Numero inválido
CIUDAD: Loja | MENSAJE: Aproximadamente?,INF,INF,WhatsApp,6/11/2024,,
ETIQUETA: Cotizacion Materiales | ESTADO: Contactado | NOTAS: COTIZACION 80M2 C/E MATERIALES,COT,COT,CRM2,19/02/2024,Contactado,Cotizacion Materiales
ETIQUETA: Informacion General | ESTADO: Contactado | NOTAS: CLIENTE FERIA CLAVE CUMBAYA. INF C/E,INF,INF,CRM2,25/06/2024,Contactado,Informacion General
ETIQUETA: Envio masivo whasapp | ESTADO: Contactado | NOTAS: Se envió WhatsApp masivo 07/03,INF,INF,CRM1,06/03/2023,Contactado,Envio masivo whasapp
"ETIQUETA: Informacion General | ESTADO: Contactado | CONSULTA: Asesor: Hola, estoy conectada, te puedo ayudar en algo? Cliente: buenos días Asesor: ¿Cómo estás? Cuéntame, ¿en que te puedo servir? Cliente: por favor si me puede indicar si ustedes realizan concreto | NOTAS: se envió información sobre moldes",INF,INF,CRM2,29/05/2024,Contactado,Informacion General
CIUDAD: Cuenca | MENSAJE: ‎VID-20251123-WA0007.mp4 (archivo adjunto),,INF,WhatsApp,23/11/2025,,
CIUDAD: Loja | MENSAJE: Pero el precio seria el mismo  de un nuevo,COT,COT,WhatsApp,22/4/2026,,
"ETIQUETA: Informacion General | ESTADO: En seguimiento | NOTAS: CLIENTE BASE CONSTRUEX,se envio información y catalogo general",INF,SEG,CRM2,11/04/2024,En seguimiento,Informacion General
CIUDAD: Quito | MENSAJE: Buenas . Le pusiste basecoat  primero y luego microcemento. O directo,TEC,INF,WhatsApp,18/6/2025,,
ETIQUETA: Informacion General | ESTADO: Contactado | NOTAS: 70 M2 C/E FUNDICION LUMBISI,INF,INF,CRM2,15/08/2023,Contactado,Informacion General
CIUDAD: Manta | MENSAJE: Para pedidos de ofertas y materiales  les pido  hacerlo por interno a cualquier de las 3 personas para que este chat solo nos ocupe en la parte técnica y no saturarlo  con temas Adm,INF,INF,WhatsApp,25/4/2024,,
CIUDAD: Quito | MENSAJE: Ve unas tarde me puede enviar los tonos de micro cemento,INF,INF,WhatsApp,7/4/2026,,
"ETIQUETA: Email - Numero inválido | ESTADO: Contactado | CONSULTA: Asesor: Hola, estoy conectada, te puedo ayudar en algo? Cliente: Hola Mariana, quisiera que me ayudaran con cemento pulido en mi sala Asesor: Excelente Mariana. Yo me encargo de ponerte en contacto co | NOTAS: se envio catalogos jeva",INF,INF,CRM1,17/04/2023,Contactado,Email - Numero inválido
"ETIQUETA: Cotizacion Materiales, Venta ganada, Informacion General | ESTADO: Contactado | NOTAS: RIOBAMBA",VEN,COT,CRM1,06/06/2023,Contactado,"Cotizacion Materiales, Venta ganada, Informacion G"
"ETIQUETA: Informacion General, Asesoramiento Tecnico | ESTADO: En seguimiento | NOTAS: 300 m2 micro piso FLACSO",TEC,SEG,CRM1,12/07/2023,En seguimiento,"Informacion General, Asesoramiento Tecnico"
"ETIQUETA: Informacion General | ESTADO: Contactado | NOTAS: PROSPECTO FERIA CLAVE, INF MICROCEMENTO Y C/E",INF,INF,CRM2,14/06/2024,Contactado,Informacion General
"ETIQUETA: Envio masivo whasapp | ESTADO: Contactado | NOTAS: Se envió WhatsApp masivo,Se envió WhatsApp masivo 07/03",INF,INF,CRM1,06/03/2023,Contactado,Envio masivo whasapp
"ETIQUETA: Email - Numero inválido | ESTADO: numero no valido | NOTAS: ARQUITECTOS, número inválido, dirección URL SJ",,INF,CRM2,29/05/2024,numero no valido,Email - Numero inválido
CIUDAD: Loja | MENSAJE: Extender el hormigon  (mejor si con piedra  chispa )y  flotarlo,TEC,INF,WhatsApp,18/12/2024,,
ETIQUETA: Informacion General | ESTADO: Contactado | NOTAS: 200 M2 PISO,INF,INF,CRM1,12/07/2023,Contactado,Informacion General
"ETIQUETA: Cotizacion Materiales, No concretada | ESTADO: Contactado | NOTAS: Machachi 60m2.........precio no acorde a su presupuesto",COT,COT,CRM1,18/05/2023,Contactado,"Cotizacion Materiales, No concretada"
CIUDAD: Quito | MENSAJE: Muchas gracias 🫂,INF,INF,WhatsApp,17/2/2025,,
CIUDAD: Quito | MENSAJE: Y si nos pueden porfa mandar más información técnica,TEC,INF,WhatsApp,29/3/2026,,
"ETIQUETA: Cotizacion Materiales, Informacion General, Manabi | ESTADO: Contactado | CONSULTA: Asesor: Hola, estoy conectada, te puedo ayudar en algo? Cliente: hola buenas tardes Asesor: Cual es tu nombre? Cliente: David Balladares Asesor: Excelente David. Yo me encargo de ponerte en contacto c | NOTAS: Se contactó por whatsapp y envió catálogo general",INF,COT,CRM2,29/07/2024,Contactado,"Cotizacion Materiales, Informacion General, Manabi"
"ETIQUETA: Informacion General | ESTADO: Contactado | CONSULTA: Hola, buenas noches me gustaría saber cuál es el precio y el formato del molde MT-49 gran ashlar | NOTAS: INFO MOLDES",COT,COT,CRM2,11/09/2023,Contactado,Informacion General
"ETIQUETA: Informacion General | ESTADO: Contactado | CONSULTA: Asesor: Hola, estoy conectada, te puedo ayudar en algo? Cliente: Hola busco microcemento para mesones Asesor: Cual es tu nombre? Cliente: Oscar Asesor: Excelente Oscar. Yo me encargo de ponerte en con | NOTAS: se envió WhatsApp",INF,INF,CRM1,25/02/2023,Contactado,Informacion General
CIUDAD: Quito | MENSAJE: Buenas tardes compañeros aplicadores por ciacaso yo ago todo lo que es pintura y revestimiento he instalación de gypsum,INF,INF,WhatsApp,22/4/2026,,
ETIQUETA: Informacion General | ESTADO: Contactado | NOTAS: se envió información general y catálogos -base de datos,INF,INF,CRM2,05/09/2023,Contactado,Informacion General
"ETIQUETA: Cotización Obra, Cotizacion Materiales, Informacion General | ESTADO: En seguimiento | NOTAS: ENTREVISTA,Se envió WhatsApp de seguimiento",COT,COT,CRM2,25/07/2023,En seguimiento,"Cotización Obra, Cotizacion Materiales, Informacio"
ETIQUETA: Email - Numero inválido | ESTADO: Nuevo | CONSULTA: Venden en su local,INF,INF,CRM1,17/04/2023,Nuevo,Email - Numero inválido
"ETIQUETA: Email - Numero inválido | ESTADO: numero no valido | CONSULTA: Asesor: Hola, estoy conectada, te puedo ayudar en algo? Cliente: buen dia Asesor: Como estás? Contame, qué estabas buscando? Asesor: Estás ahí? Cliente: me gustaria saber que productos tienen para la  | NOTAS: Se prueba envío, correo incorrecto. SJ",INF,INF,CRM1,17/03/2023,numero no valido,Email - Numero inválido
CIUDAD: Quito | MENSAJE: En este caso no por qué no va a estar expuesto a la humedad,INF,INF,WhatsApp,18/6/2025,,
"ETIQUETA: Informacion General | ESTADO: Contactado | NOTAS: FERIA CLAVE CUMBAYA, CONSTRUCTORA,se envió información de moldes",INF,INF,CRM2,21/06/2024,Contactado,Informacion General
"ETIQUETA: Cotizacion Materiales, Informacion General, Asesoramiento Tecnico | ESTADO: En seguimiento | NOTAS: 140 M2 MICRO CUENCA",COT,COT,CRM2,10/08/2023,En seguimiento,"Cotizacion Materiales, Informacion General, Asesor"
CIUDAD: Quito | MENSAJE: https://www.instagram.com/reel/DN3bif02M7M/?igsh=MTlwbDZ2YjV5YWw3MQ==,,INF,WhatsApp,30/8/2025,,
ETIQUETA: Informacion General | ESTADO: Nuevo | NOTAS: se envio presentacion y catalogos,INF,INF,CRM1,11/05/2023,Nuevo,Informacion General
ETIQUETA: Informacion General | ESTADO: En seguimiento | NOTAS: DESEA INFORMACION SOBRE EL ADITIVO LIGANTE - CLIENTE DE CONSTRUEX,INF,SEG,CRM2,03/04/2024,En seguimiento,Informacion General
ETIQUETA: Informacion General | ESTADO: Contactado | NOTAS: requiere micro cemento para lavabos se le envió números de maestros para que coordine para que le realicen el trabajo,INF,INF,CRM1,27/06/2023,Contactado,Informacion General
ETIQUETA: Informacion General | ESTADO: Contactado | NOTAS: se envió presentación y catálogos,INF,INF,CRM1,14/03/2023,Contactado,Informacion General
CIUDAD: Quito | MENSAJE: En micros claros debemos usar por ley fondos grueso blanco,TEC,INF,WhatsApp,17/2/2025,,
"ETIQUETA: Informacion General, Email inválido | ESTADO: Contactado | NOTAS: se envió información general y catálogos,base de datos",INF,INF,CRM2,05/09/2023,Contactado,"Informacion General, Email inválido"
ETIQUETA: Informacion General | ESTADO: Contactado | NOTAS: FERIA CLAVE CUMBAYA,INF,INF,CRM2,21/06/2024,Contactado,Informacion General
ETIQUETA: Cotizacion Materiales | ESTADO: En seguimiento | NOTAS: cotización para 400 m2 de concreto estampado,COT,COT,CRM2,04/12/2023,En seguimiento,Cotizacion Materiales
"CIUDAD: Quito | MENSAJE: ubicación: https://maps.google.com/?q=-0.1429627,-78.4703949",INF,INF,WhatsApp,28/3/2026,,
CIUDAD: Loja | MENSAJE: Eso es lo que dice específicamente la normativa,INF,INF,WhatsApp,7/11/2024,,
ETIQUETA: Informacion General | ESTADO: Contactado | NOTAS: CLIENTE FERIA CLAVE CUMBATA. INTERESADO EN MOLDES,INF,INF,CRM2,20/06/2024,Contactado,Informacion General
ETIQUETA: Informacion General | ESTADO: Contactado | NOTAS: numero repetido,INF,INF,CRM2,09/11/2023,Contactado,Informacion General
CIUDAD: Quito | MENSAJE: ‎IMG-20250531-WA0008.jpg (archivo adjunto),,INF,WhatsApp,31/5/2025,,
CIUDAD: Quito | MENSAJE: Muy buenas tardes estimados clientes estamos actualizando nuestra base de datos de aplicadores de Quito,INF,INF,WhatsApp,14/5/2025,,
"ETIQUETA: Informacion General | ESTADO: Contactado | NOTAS: CLIENTE FERIA CLAVE CUMBAYA, INF GENERAL",INF,INF,CRM2,25/06/2024,Contactado,Informacion General
"ETIQUETA: Envio masivo whasapp | ESTADO: Contactado | NOTAS: JEVA,Se envió WhatsApp masivo se envió catálogos y presentación JEVA",INF,INF,CRM1,21/03/2023,Contactado,Envio masivo whasapp
ETIQUETA: Email inválido | ESTADO: numero no valido,,INF,CRM2,09/11/2023,numero no valido,Email inválido
ETIQUETA: Informacion General | ESTADO: Contactado | NOTAS: INFO ACIDOS 115 M2 PISO,INF,INF,CRM1,18/07/2023,Contactado,Informacion General
"ETIQUETA: Informacion General | ESTADO: Contactado | CONSULTA: Buenos días, quisiera conocer más sobre el desmoldec | NOTAS: INFO DE DESMOLDANTE",INF,INF,CRM2,08/02/2024,Contactado,Informacion General
"ETIQUETA: Informacion General | ESTADO: Contactado | CONSULTA: Asesor: Hola, estoy conectada, te puedo ayudar en algo? Cliente: buenos dias Asesor: ¿Cómo estás? Cuéntame, ¿en que te puedo servir? Cliente: necesito un sellante uv para el piso estampado Asesor: Cua | NOTAS: INFO SELLANTES",INF,INF,CRM2,28/05/2024,Contactado,Informacion General
ETIQUETA: Informacion General | ESTADO: Contactado | NOTAS: se envió información general y catalogo,INF,INF,CRM2,04/12/2023,Contactado,Informacion General
"ETIQUETA: Cotizacion Materiales, Informacion General | ESTADO: Contactado | CONSULTA: Asesor: Hola, estoy conectada, te puedo ayudar en algo? Cliente: Buenas noches Asesor: ¿Cómo estás? Cuéntame, ¿en que te puedo servir? Cliente: Estoy buscando microcemento para cocina y baño Asesor: C | NOTAS: El numero es incorrecto, se le envió información por correo,La cliente desea color microcemento en varia",INF,COT,CRM2,01/04/2024,Contactado,"Cotizacion Materiales, Informacion General"
"ETIQUETA: Informacion General | ESTADO: Contactado | NOTAS: CLIENTE FERIA CLAVE CUMBAYA, INF, MICRO",INF,INF,CRM2,20/06/2024,Contactado,Informacion General
ETIQUETA: Cotizacion Materiales | ESTADO: Contactado | NOTAS: ENDURECEDOR 600M2,COT,COT,CRM2,04/08/2023,Contactado,Cotizacion Materiales
CIUDAD: Quito | MENSAJE: ‎IMG-20250226-WA0036.jpg (archivo adjunto),,INF,WhatsApp,26/2/2025,,
"ETIQUETA: Informacion General | ESTADO: Contactado | CONSULTA: Asesor: Hola, estoy conectada, te puedo ayudar en algo? Cliente: Buenos días necesito microcemento para 10 metros podría ayudarme con el costo por favor Asesor: Cual es tu nombre? Cliente: Edison Vill | NOTAS: Se adjunta catalogo de microcemento.",COT,COT,CRM2,13/09/2024,Contactado,Informacion General
ETIQUETA: Envio masivo whasapp | ESTADO: Contactado | NOTAS: Se envió WhatsApp masivo,INF,INF,CRM1,13/02/2023,Contactado,Envio masivo whasapp
"ETIQUETA: Informacion General | ESTADO: Contactado | CONSULTA: Asesor: Hola, estoy conectada, te puedo ayudar en algo? Cliente: Hola buenas tardes Asesor: Cual es tu nombre? Cliente: Elia gonzalez Asesor: Excelente Elia. Yo me encargo de ponerte en contacto con u | NOTAS: SE CONTACTÓ POR WHATSAPP",INF,INF,CRM2,20/08/2024,Contactado,Informacion General
"ETIQUETA: Envio masivo whasapp | ESTADO: Contactado | NOTAS: Se envió WhatsApp masivo 07/03,Se envió WhatsApp masivo",INF,INF,CRM1,06/03/2023,Contactado,Envio masivo whasapp
"ETIQUETA: Informacion General | ESTADO: Contactado | CONSULTA: Asesor: Hola, estoy conectada, te puedo ayudar en algo? Cliente: HOLA MARINA ,BUENAS TARDES, QUIERO HACERLE UNA CONSULTA? Asesor: Cual es tu nombre? Cliente: DEBORA Asesor: Excelente Debora. Yo me enc | NOTAS: se envió información general y catálogos",INF,INF,CRM2,25/03/2024,Contactado,Informacion General
ETIQUETA: Informacion General | ESTADO: Contactado | NOTAS: micro casa,INF,INF,CRM1,13/06/2023,Contactado,Informacion General
CIUDAD: Quito | MENSAJE: Yo soy pintor si desea,INF,INF,WhatsApp,21/4/2026,,
"ETIQUETA: Cotizacion Materiales, Informacion General | ESTADO: Contactado | NOTAS: 110 M2 C/E OTAVALO MATERIALES",COT,COT,CRM2,10/08/2023,Contactado,"Cotizacion Materiales, Informacion General"
CIUDAD: Manta | MENSAJE: Comentenme quien esta con disponibilidad por favor,INF,INF,WhatsApp,28/1/2026,,
ETIQUETA: Informacion General | ESTADO: Contactado | NOTAS: se envió información del curso y presentación,CUR,CUR,CRM1,03/03/2023,Contactado,Informacion General
"ETIQUETA: Cotizacion Materiales, Cliente Derivado provincias, No concretada, Informacion General | ESTADO: Contactado | NOTAS: 120 m2 gye...jorge medina para aplicacion",INF,COT,CRM1,22/05/2023,Contactado,"Cotizacion Materiales, Cliente Derivado provincias"
CIUDAD: Manta | MENSAJE: Chicos una consulta .. saben donde puedo alquilar  canastas  ?,INF,INF,WhatsApp,5/3/2025,,
"ETIQUETA: Informacion General | ESTADO: Contactado | NOTAS: SE ENVIO INFORMACION GENERAL Y CATALOGOS,información sobre cursos",CUR,CUR,CRM2,23/11/2023,Contactado,Informacion General
CIUDAD: Manta | MENSAJE: ‎IMG-20260128-WA0006.jpg (archivo adjunto),,INF,WhatsApp,28/1/2026,,
"ETIQUETA: Informacion General | ESTADO: Contactado | CONSULTA: Asesor: Hola, estoy conectada, te puedo ayudar en algo? Cliente: Buenas tardes, el sábado hasta qué hora atienden? Asesor: Cual es tu nombre? Cliente: Tamara Asesor: Excelente Tamara. Yo me encargo de",INF,INF,CRM1,22/06/2023,Contactado,Informacion General
CIUDAD: Quito | MENSAJE: Y la hoja es con la técnica de stencil,TEC,INF,WhatsApp,29/11/2025,,
ETIQUETA: Cotizacion Materiales | ESTADO: Contactado | NOTAS: 90 m2 micro en puembo,COT,COT,CRM2,10/04/2024,Contactado,Cotizacion Materiales
"ETIQUETA: Email inválido | ESTADO: Nuevo | CONSULTA: Asesor: Hola, estoy conectada, te puedo ayudar en algo? Cliente: buenos dias cuanto costarioa el precio de m2 en un contrapiso con esos estampados Asesor: Cual es tu nombre? Cliente: Ing. Gonzalo Buña",COT,COT,CRM2,29/11/2024,Nuevo,Email inválido
"ETIQUETA: Cotizacion Materiales, Informacion General | ESTADO: Contactado | NOTAS: SE LE ENVIO INFORMACION GENERAL Y CATALOGOS,se le envió cotización de materiales, se encuentra en la ciudad de Ibarra",COT,COT,CRM2,08/08/2023,Contactado,"Cotizacion Materiales, Informacion General"
ETIQUETA: Email - Numero inválido | ESTADO: Contactado | NOTAS: se envió catálogos y presentación,INF,INF,CRM1,28/03/2023,Contactado,Email - Numero inválido
ETIQUETA: Informacion General | ESTADO: Contactado | NOTAS: CURSO LOJA,CUR,CUR,CRM2,12/12/2023,Contactado,Informacion General
"ETIQUETA: Envio masivo whasapp | ESTADO: Contactado | CONSULTA: se envió WhatsApp información completa | NOTAS: se envió WhatsApp información completa,Se envió WhatsApp masivo",INF,INF,CRM1,22/02/2023,Contactado,Envio masivo whasapp
ETIQUETA: Informacion General | ESTADO: Contactado | NOTAS: SE ENVIO CATALOGOS Y PRESENTACION JEVA,INF,INF,CRM1,23/03/2023,Contactado,Informacion General
CIUDAD: Loja | MENSAJE: Muy buenas tardes estimados clientes adjuntamos  información de Rocktec,INF,INF,WhatsApp,22/5/2025,,
CIUDAD: Loja | MENSAJE: Y adjunto el catálogo que ponemos a su disposición para alquiler para sus proyectos,INF,INF,WhatsApp,22/5/2025,,
"CIUDAD: Cuenca | MENSAJE: ¡Hola, estimados aplicadores!",INF,INF,WhatsApp,21/11/2025,,
ETIQUETA: No concretada | ESTADO: Cliente Frecuente | NOTAS: maestro de Rocktec,INF,INF,CRM2,13/11/2023,Cliente Frecuente,No concretada
ETIQUETA: Informacion General | ESTADO: Contactado | CONSULTA: Buenos días necesito información,INF,INF,CRM2,28/07/2023,Contactado,Informacion General
CIUDAD: Guayaquil | MENSAJE: Le escribo por interno,INF,INF,WhatsApp,25/3/2026,,
ETIQUETA: Informacion General | ESTADO: Contactado | NOTAS: se envió información sobre pigmentos para hormigón,INF,INF,CRM2,25/06/2024,Contactado,Informacion General
CIUDAD: Cuenca | MENSAJE: ‎IMG-20251123-WA0004.jpg (archivo adjunto),,INF,WhatsApp,23/11/2025,,
CIUDAD: Guayaquil | MENSAJE: ‎IMG-20241220-WA0021.jpg (archivo adjunto),,INF,WhatsApp,5/3/2026,,
CIUDAD: Manta | MENSAJE: A qué horas inician ?,INF,INF,WhatsApp,4/3/2025,,
CIUDAD: Quito | MENSAJE: Puede ser 4 litroz de agua por 1 vaso de vinagre,TEC,INF,WhatsApp,8/4/2026,,
CIUDAD: Guayaquil | MENSAJE: ‎IMG-20250916-WA0020.jpg (archivo adjunto),,INF,WhatsApp,16/9/2025,,
"ETIQUETA: Cotizacion Materiales, Informacion General | ESTADO: Contactado | CONSULTA: Necesito una cotización para 400 metros | NOTAS: se envió información general y catalogo",COT,COT,CRM2,03/07/2024,Contactado,"Cotizacion Materiales, Informacion General"
"CIUDAD: Cuenca | MENSAJE: Gara! Conocer amig@s de cuenca, pay por compartir un pedacito de su universo de conocimiento 👊💪",INF,INF,WhatsApp,23/11/2025,,
"ETIQUETA: Cotizacion Materiales, Venta ganada | ESTADO: Contactado | NOTAS: se envió información general Realizo un trabajo de estampado - Latacunga Base de datos casa abierta UIO",COT,COT,CRM2,13/11/2023,Contactado,"Cotizacion Materiales, Venta ganada"
ETIQUETA: Seguimiento de presentacion | ESTADO: Contactado | NOTAS: INTERESADO EN CURSO,SIN_CONSENSO,CUR,CRM1,22/05/2023,Contactado,Seguimiento de presentacion
"ETIQUETA: Informacion General | ESTADO: Contactado | CONSULTA: Asesor: Hola, estoy conectada, te puedo ayudar en algo? Cliente: Hola buenas Asesor: ¿Cómo estás? Cuéntame, ¿en que te puedo servir? Asesor: Sigues ahí? Cliente: Mi consulta es: cuánto tiempo se esper | NOTAS: cuarzo flotado con helicopteco info",INF,INF,CRM2,07/04/2024,Contactado,Informacion General
ETIQUETA: Informacion General | ESTADO: En seguimiento | NOTAS: CLIENTE BASE CONSTRUEX,INF,SEG,CRM2,11/04/2024,En seguimiento,Informacion General
CIUDAD: Quito | MENSAJE: ‎PTT-20250702-WA0034.opus (archivo adjunto),,INF,WhatsApp,2/7/2025,,
CIUDAD: Quito | MENSAJE: Muchas gracias nos vemos mañana!’,INF,INF,WhatsApp,27/3/2026,,
CIUDAD: Quito | MENSAJE: Muchas gracias por la información,INF,INF,WhatsApp,30/3/2026,,
"ETIQUETA: Informacion General | ESTADO: Contactado | CONSULTA: Asesor: Hola, estoy conectada, te puedo ayudar en algo? Cliente: Muy buenos días, disculpe tendrían pigmento de color café para poder colorear adoquines? Asesor: Cual es tu nombre? Cliente: Fander San | NOTAS: SE CONTACTÓ POR WHATSAPP",INF,INF,CRM2,03/09/2024,Contactado,Informacion General
"ETIQUETA: Email inválido | ESTADO: Nuevo | CONSULTA: Asesor: Hola, estoy conectada, te puedo ayudar en algo? Cliente: hola buenas tardes, dese indormacion sobre los enlucidos pigmentados Asesor: Cual es tu nombre? Cliente: Carlos Castillo Asesor: Excele",INF,INF,CRM2,11/11/2024,Nuevo,Email inválido
"ETIQUETA: Cotizacion Materiales, Informacion General | ESTADO: Contactado",COT,COT,CRM1,15/05/2023,Contactado,"Cotizacion Materiales, Informacion General"
CIUDAD: Quito | MENSAJE: ‎IMG-20250531-WA0006.jpg (archivo adjunto),,INF,WhatsApp,31/5/2025,,
"ETIQUETA: Informacion General | ESTADO: Contactado | CONSULTA: Asesor: Hola, estoy conectada, te puedo ayudar en algo? Cliente: BUENAS NECESITO EL VALOR DEL MICROCEMENTO EN PISO PARA UN LOCAL EN TUMBACO Asesor: Cual es tu nombre? Cliente: DAVID Asesor: Excelente  | NOTAS: SE CONTACTÓ POR WHATSAPP",COT,INF,CRM2,05/08/2024,Contactado,Informacion General
CIUDAD: Cuenca | MENSAJE: Saludos cordiales adjunto lista de precios aplicadores,COT,COT,WhatsApp,24/11/2025,,
ETIQUETA: Cotización Obra | ESTADO: Contactado | NOTAS: 180 m2 C/E EN TERRAZA,COT,INF,CRM2,08/09/2023,Contactado,Cotización Obra
ETIQUETA: Informacion General | ESTADO: Contactado | CONSULTA: Grasia ayuda precio hobra tambié | NOTAS: INFO GENERAL,COT,COT,CRM2,01/05/2024,Contactado,Informacion General
ETIQUETA: Email inválido | ESTADO: Nuevo | NOTAS: HORMIGONERAS,,INF,CRM2,13/05/2024,Nuevo,Email inválido
"ETIQUETA: Email inválido | ESTADO: Contactado | CONSULTA: Asesor: Hola, estoy conectada, te puedo ayudar en algo? Cliente: Hola, quería inscribirme para el curso del 19 de abril, que tengo que hacer? Asesor: Cual es tu nombre? Cliente: Juan Carlos Saenz Ases",CUR,CUR,CRM2,11/04/2024,Contactado,Email inválido
CIUDAD: Guayaquil | MENSAJE: Por favor el contenido de este grupo es únicamente para temas de Concreto . Muchas gracias 😉🙋🏻‍♀️,INF,INF,WhatsApp,18/12/2025,,
CIUDAD: Loja | MENSAJE: son precios referenciales,COT,COT,WhatsApp,25/6/2024,,
"ETIQUETA: Cotizacion Materiales, Informacion General | ESTADO: Contactado | NOTAS: se envio cotizacion de mateiales por 6m2 microcemento",COT,COT,CRM1,04/07/2023,Contactado,"Cotizacion Materiales, Informacion General"
ETIQUETA: Informacion General | ESTADO: Contactado | NOTAS: se le envió información sobre micro cemento y concreto estampado adicional el numero de los maestros,INF,INF,CRM2,01/08/2023,Contactado,Informacion General
ETIQUETA: Informacion General | ESTADO: Contactado | NOTAS: se envió infracción general y catálogos,INF,INF,CRM2,14/09/2023,Contactado,Informacion General
CIUDAD: Quito | MENSAJE: ‎IMG-20260328-WA0003.jpg (archivo adjunto),,INF,WhatsApp,28/3/2026,,
CIUDAD: Quito | MENSAJE: Yo hice algo parecido y luego se me agrieto.  Le puse la de humedad y una capa ligera de base coat y luego de 3 días el micro... ya lleva un año sin rasguños,TEC,INF,WhatsApp,18/6/2025,,
ETIQUETA: Informacion General | ESTADO: Contactado | NOTAS: se envió información y catálogos,INF,INF,CRM2,09/11/2023,Contactado,Informacion General
ETIQUETA: Informacion General | ESTADO: Contactado | NOTAS: se envio catalogos y presentacion Jeva,INF,INF,CRM1,31/03/2023,Contactado,Informacion General
"CIUDAD: Manta | MENSAJE: Les voy a presentar a Dubraska Aguilar que estará muy atenta a sus requerimientos,  ella es Arquitecta por lo tanto va a poder apoyarlos muy bien técnicamente",INF,INF,WhatsApp,25/4/2024,,
"ETIQUETA: Informacion General | ESTADO: En seguimiento | NOTAS: CLIENTE BASE CONSTRUEX,se envio informacion del curso",CUR,CUR,CRM2,11/04/2024,En seguimiento,Informacion General
"ETIQUETA: Cotizacion Materiales, Seguimiento de presentacion | ESTADO: En seguimiento | NOTAS: 2100 m2 lago agrio, pendiente desea credito 30 dias",COT,COT,CRM1,17/05/2023,En seguimiento,"Cotizacion Materiales, Seguimiento de presentacion"
"ETIQUETA: Cliente Derivado provincias, Informacion General | ESTADO: Contactado | NOTAS: 20 M2 MICROCEMENTO PISO MANTA",INF,INF,CRM1,03/07/2023,Contactado,"Cliente Derivado provincias, Informacion General"
ETIQUETA: Venta ganada | ESTADO: Venta ganada | NOTAS: SE LE FACTURO 2 SELLOS ACRILICOS,VEN,INF,CRM1,08/05/2023,Venta ganada,Venta ganada
CIUDAD: Cuenca | MENSAJE: Aproximadamente  nosotros cobramos entre 28 y 29 dol m2 mas iva en pisos y entre 20 y 25 dol m2 en paredes dependiendo si nos toca colocar solo micro o con malla y fondo,COT,INF,WhatsApp,20/1/2026,,
"ETIQUETA: Informacion General | ESTADO: Contactado | CONSULTA: Asesor: Hola, estoy conectada, te puedo ayudar en algo? Cliente: UN NUMERO DE TELEFONO PARA COMUNICARNOS Asesor: Cual es tu nombre? Cliente: TONNY Asesor: Yo me encargo de ponerte en contacto con un a | NOTAS: se envió información y catalogo general",INF,INF,CRM2,02/05/2024,Contactado,Informacion General
CIUDAD: Guayaquil | MENSAJE: Hola mi estimado buenas tardes ok,INF,INF,WhatsApp,16/9/2025,,
"CIUDAD: Quito | MENSAJE: Buenas tardes, muchas gracias por toda la información enviada, nos ayudará mucho para despejar dudas.  Y será de gran ayuda para nuestro proyectos",INF,INF,WhatsApp,30/3/2026,,
CIUDAD: Quito | MENSAJE: Ala orden Efraín  de la ciudad de Ambato,INF,INF,WhatsApp,5/5/2026,,
ETIQUETA: Informacion General | ESTADO: Contactado | NOTAS: se envió información por correo,INF,INF,CRM2,27/09/2023,Contactado,Informacion General
CIUDAD: Loja | MENSAJE: Saludos ya le responden,INF,INF,WhatsApp,17/12/2024,,
CIUDAD: Quito | MENSAJE: Restaurante la esquina,INF,INF,WhatsApp,28/3/2026,,
"CIUDAD: Quito | MENSAJE: Hola buen dia, solo por confirmar el valor 28 m2 es material + lnstalacion en Quito?",COT,INF,WhatsApp,19/2/2025,,
CIUDAD: Quito | MENSAJE: Hola chicos  aprox 28 dol m2 mas iva,COT,INF,WhatsApp,18/2/2025,,
"ETIQUETA: Informacion General | ESTADO: Contactado | CONSULTA: Asesor: Hola, estoy conectada, te puedo ayudar en algo? Cliente: Hola necesito tinte para concreto Asesor: Cual es tu nombre? Cliente: Delfin Cordova Asesor: Yo me encargo de ponerte en contacto con u | NOTAS: 1000M2 DE C-E EN RIOBAMBA",INF,INF,CRM2,02/10/2023,Contactado,Informacion General
ETIQUETA: Informacion General | ESTADO: Contactado | NOTAS: se envió catálogos y presentación se envio información del curso,CUR,CUR,CRM1,26/04/2023,Contactado,Informacion General
"ETIQUETA: Email - Numero inválido, Email inválido | ESTADO: numero no valido | NOTAS: BASE DE DATOS CONSTRUEX - INTERESADO EN PRODUCTO/APLIACION",INF,INF,CRM2,06/03/2024,numero no valido,"Email - Numero inválido, Email inválido"
"ETIQUETA: Email - Numero inválido | ESTADO: Nuevo | NOTAS: BASE DE DATOS,SE ENVIO CATALOGOS Y PRESENTACION BASE DE DATOS",INF,INF,CRM1,23/03/2023,Nuevo,Email - Numero inválido
"CIUDAD: Quito | MENSAJE: Buenos días, solo se usa la  liana,clavo y codal ,más los materiales del microcemento <Se editó este mensaje.>",TEC,INF,WhatsApp,19/7/2025,,
ETIQUETA: Informacion General | ESTADO: Contactado | NOTAS: se direccionó a Vicente vallejos cotizacion para Manabi y a Velastegui para santo domingo,COT,COT,CRM1,06/06/2023,Contactado,Informacion General
CIUDAD: Guayaquil | MENSAJE: ‎PRECIOS GENERALES  2025.pdf (archivo adjunto),COT,COT,WhatsApp,27/5/2025,,
"ETIQUETA: Email - Numero inválido | ESTADO: Nuevo | CONSULTA: Asesor: Hola, estoy conectada, te puedo ayudar en algo? Cliente: Muy buenas tardes disculpe q precio tiene el galón d aditivo y para cuantos metros rinde ? Asesor: Cual es tu nombre? Cliente: Antonio  | NOTAS: el numero es incorrecto, se le envió un correo",COT,COT,CRM2,26/07/2023,Nuevo,Email - Numero inválido
"CIUDAD: Quito | MENSAJE: Buena tarde, mil gracias por la información.",INF,INF,WhatsApp,26/8/2025,,
ETIQUETA: Informacion General | ESTADO: Contactado | NOTAS: nos visito y envié cotización visito la oficina,COT,INF,CRM1,04/04/2023,Contactado,Informacion General
CIUDAD: Loja | MENSAJE: ‎PTT-20241114-WA0015.opus (archivo adjunto),,INF,WhatsApp,14/11/2024,,
"ETIQUETA: Informacion General | ESTADO: APLICADORES | NOTAS: CLIENTE CONSTRUEX,Se contactó por whatsapp, se envió info general",INF,INF,CRM2,18/07/2024,APLICADORES,Informacion General
ETIQUETA: Informacion General | ESTADO: Contactado | NOTAS: CONSTRUCTORA,INF,INF,CRM2,29/05/2024,Contactado,Informacion General
"ETIQUETA: Informacion General | ESTADO: Contactado | CONSULTA: Asesor: Hola, estoy conectada, te puedo ayudar en algo? Cliente: Buen día, cuanto es el precio por metro cuadrado de concreto estampado ? Asesor: Cual es tu nombre? Cliente: Fernando Asesor: Excelente | NOTAS: INFO C/E",COT,COT,CRM2,22/09/2023,Contactado,Informacion General
CIUDAD: Quito | MENSAJE: Gracias mi estimad@,INF,INF,WhatsApp,7/4/2026,,
"CIUDAD: Quito | MENSAJE: ¡Hola, estimados aplicadores!",INF,INF,WhatsApp,27/3/2026,,
"ETIQUETA: Informacion General | ESTADO: Nuevo | CONSULTA: Asesor: Hola, estoy conectada, te puedo ayudar en algo? Cliente: Ayúdeme como preparo la masilla rocktec para decorar paredes Asesor: Cual es tu nombre? Asesor: Sigues ahí? Cliente: Mi nombre seguido  | NOTAS: Se envia mensaje al cliente aun no tengo respuesta.",TEC,INF,CRM2,27/09/2024,Nuevo,Informacion General
ETIQUETA: Informacion General | ESTADO: Contactado | NOTAS: MICRO 70 M2 /PISO FISURADO,INF,INF,CRM2,11/09/2023,Contactado,Informacion General
ETIQUETA: Venta ganada | ESTADO: Contactado | NOTAS: C/E PARED 36 M2,VEN,INF,CRM2,04/10/2023,Contactado,Venta ganada
CIUDAD: Quito | MENSAJE: Excelente!! 👏🏼👏🏼👏🏼👏🏼,INF,INF,WhatsApp,26/2/2025,,
CIUDAD: Quito | MENSAJE: Yo soy de la ciudad de Latacunga,INF,INF,WhatsApp,5/5/2026,,
ETIQUETA: Informacion General | ESTADO: Contactado | NOTAS: se envio presentacion y catalogos,INF,INF,CRM1,08/05/2023,Contactado,Informacion General
"ETIQUETA: Cotización Obra, Informacion General | ESTADO: Contactado | NOTAS: 1706 m2 MICRO LOJA",COT,INF,CRM1,30/06/2023,Contactado,"Cotización Obra, Informacion General"
CIUDAD: Quito | MENSAJE: Esta muy chevere,INF,INF,WhatsApp,13/5/2025,,
ETIQUETA: Email - Numero inválido | ESTADO: numero no valido | NOTAS: Base de datos LOJA,,INF,CRM2,09/11/2023,numero no valido,Email - Numero inválido
ETIQUETA: Informacion General | ESTADO: Contactado | NOTAS: informacion curso LOJA numero repetido,CUR,CUR,CRM2,09/11/2023,Contactado,Informacion General
ETIQUETA: Cotizacion Materiales | ESTADO: Contactado | NOTAS: SE ENVIO COTIZACION DE MATERIALES PARA MICROCEMENTO PARA 40M2,COT,COT,CRM1,16/06/2023,Contactado,Cotizacion Materiales
"ETIQUETA: Cotizacion Materiales, Informacion General | ESTADO: En seguimiento | NOTAS: CLIENTE INTERESADO EN MICROCEMENTO - CLIENTE CONSTRUEX",INF,COT,CRM2,04/04/2024,En seguimiento,"Cotizacion Materiales, Informacion General"
"CIUDAD: Loja | MENSAJE: Le dejo mi número de contacto 0994706780, me escribe por favor. No llamadas, gracias La Malanita",INF,INF,WhatsApp,7/11/2024,,
ETIQUETA: Informacion General | ESTADO: Contactado | NOTAS: C/E Y MICRO JARDIN - REFERIDO A MAESTROS,INF,INF,CRM2,25/07/2023,Contactado,Informacion General
"ETIQUETA: Informacion General | ESTADO: Contactado | CONSULTA: Asesor: Hola, estoy conectada, te puedo ayudar en algo? Cliente: Buenas tardes Asesor: ¿Cómo estás? Cuéntame, ¿en que te puedo servir? Cliente: quisiera saber los costos para aplicar Asesor: Cual es t | NOTAS: INFO C/E",COT,COT,CRM2,13/10/2023,Contactado,Informacion General
CIUDAD: Quito | MENSAJE: ‎IMG-20250326-WA0005.jpg (archivo adjunto),,INF,WhatsApp,26/3/2025,,
"ETIQUETA: Informacion General | ESTADO: Contactado | CONSULTA: Asesor: Hola, estoy conectada, te puedo ayudar en algo? Cliente: Buenas noches ,por favor quisiera cotizar para instalar microcemento en dos paredes en total son más o menos 11m2 en el valle de los ch | NOTAS: se envío información general y catálogos - desea hacer una aplicación de 11 m2 en el valle de los chillos",COT,INF,CRM2,23/01/2024,Contactado,Informacion General
"ETIQUETA: Informacion General | ESTADO: En seguimiento | NOTAS: CLIENTE BASE CONSTRUEX,se envio información general y catálogos",INF,SEG,CRM2,11/04/2024,En seguimiento,Informacion General
"ETIQUETA: Cotizacion Materiales, Informacion General | ESTADO: Contactado | NOTAS: Se en vio información de microcemento",INF,COT,CRM2,30/11/2023,Contactado,"Cotizacion Materiales, Informacion General"
ETIQUETA: Envio masivo whasapp | ESTADO: Contactado | NOTAS: Se envió WhatsApp masivo se envió catalogo y presentación JEVA,INF,INF,CRM1,20/03/2023,Contactado,Envio masivo whasapp
CIUDAD: Loja | MENSAJE: Escríbeme por interno por favor,INF,INF,WhatsApp,22/4/2026,,
"ETIQUETA: Cotizacion Materiales, Informacion General | ESTADO: Contactado | NOTAS: 70 m2 en micro en galapagos",COT,COT,CRM2,30/11/2023,Contactado,"Cotizacion Materiales, Informacion General"
CIUDAD: Quito | MENSAJE: Catálogos de acabados en piso,INF,INF,WhatsApp,29/3/2026,,
ETIQUETA: Informacion General | ESTADO: Contactado | NOTAS: se envió información general y catálogos- base de datos,INF,INF,CRM2,05/09/2023,Contactado,Informacion General
"ETIQUETA: Informacion General | ESTADO: Contactado | CONSULTA: Asesor: Hola, estoy conectada, te puedo ayudar en algo? Cliente: Hola Asesor: ¿Cómo estás? Cuéntame, ¿en que te puedo servir? Cliente: Uds realizan fundiciones de pisos con colores Asesor: Cual es tu  | NOTAS: FUNDICION CON COLORES",INF,INF,CRM2,18/04/2024,Contactado,Informacion General
ETIQUETA: Informacion General | ESTADO: Contactado | NOTAS: 200 M2 materiales placas cncreto visto aditivoo y sello,INF,INF,CRM2,25/04/2024,Contactado,Informacion General
CIUDAD: Cuenca | MENSAJE: Buenas tardes por favor algún maestro aplicador de microcemento en Cuenca ???,INF,INF,WhatsApp,27/3/2026,,
"ETIQUETA: Cotización Obra, Informacion General | ESTADO: Contactado | NOTAS: 100 M2 C/E 37.30 M2 FUNDICION 62.70 PISO EXISTENTE",COT,INF,CRM1,15/06/2023,Contactado,"Cotización Obra, Informacion General"
CIUDAD: Quito | MENSAJE: Adjunto ubicación:,INF,INF,WhatsApp,27/3/2026,,
"ETIQUETA: Venta ganada, Informacion General | ESTADO: Venta ganada | NOTAS: MOLDES YANZATZA",VEN,INF,CRM1,26/06/2023,Venta ganada,"Venta ganada, Informacion General"
"ETIQUETA: Informacion General | ESTADO: Contactado | CONSULTA: Asesor: Hola, estoy conectada, te puedo ayudar en algo? Cliente: Hola buenos días Asesor: ¿Cómo estás? Cuéntame, ¿en que te puedo servir? Asesor: Cliente: Necesito realizar un mesón con microcemento,  | NOTAS: contactado,compro un kit de microcemento (Erika)",INF,INF,CRM1,21/06/2023,Contactado,Informacion General
CIUDAD: Quito | MENSAJE: Gracias querido !!! Igualmente para todos ustedes !!,INF,INF,WhatsApp,20/6/2025,,
"ETIQUETA: Informacion General | ESTADO: Contactado | NOTAS: FERIA CLAVE CUMBAYA, INMOBILIARIA",INF,INF,CRM2,21/06/2024,Contactado,Informacion General
CIUDAD: Quito | MENSAJE: ‎PTT-20250620-WA0000.opus (archivo adjunto),,INF,WhatsApp,20/6/2025,,
"ETIQUETA: Informacion General | ESTADO: Contactado | NOTAS: PROSPECTO FERIA CLAVE,,se envía información general y catalogo",INF,INF,CRM2,14/06/2024,Contactado,Informacion General
"ETIQUETA: Informacion General | ESTADO: Contactado | CONSULTA: Asesor: Hola, estoy conectada, te puedo ayudar en algo? Cliente: Buenas tardes tienen microcemento color verde como para piso? Asesor: Cual es tu nombre? Cliente: Ana Arias Asesor: Excelente Ana. Yo m | NOTAS: cliente interesado en microcemento verde",INF,INF,CRM2,31/05/2024,Contactado,Informacion General
ETIQUETA: Email inválido | ESTADO: numero no valido | NOTAS: numero no valida,,INF,CRM2,05/09/2023,numero no valido,Email inválido
"ETIQUETA: Cotizacion Materiales, Informacion General | ESTADO: Contactado | NOTAS: Micro 100 m2",COT,COT,CRM1,13/06/2023,Contactado,"Cotizacion Materiales, Informacion General"
ETIQUETA: Informacion General | ESTADO: Contactado | NOTAS: se le envió catalogo y presentación,INF,INF,CRM1,24/03/2023,Contactado,Informacion General
"ETIQUETA: Informacion General | ESTADO: Contactado | CONSULTA: Asesor: Hola, estoy conectada, te puedo ayudar en algo? Cliente: Buenas noches, disculpa tienen moldes para estampar concreto Asesor: Cual es tu nombre? Cliente: alquilan o venden ? Asesor: Yo me enca | NOTAS: se envió información general y catálogos",INF,INF,CRM2,04/09/2023,Contactado,Informacion General
"ETIQUETA: Informacion General | ESTADO: Contactado | NOTAS: Bade de datos loja,se envió información del curso LOA",CUR,CUR,CRM2,09/11/2023,Contactado,Informacion General
"ETIQUETA: No concretada, Informacion General | ESTADO: Contactado | NOTAS: DESEA SOLO MANO DE OBRA / SIN MATERIALES",INF,INF,CRM1,13/06/2023,Contactado,"No concretada, Informacion General"
"ETIQUETA: Manabi, Construex | ESTADO: Construex | CONSULTA: ESTÁ INTERESADO EN ADITIVO",INF,INF,CRM2,22/08/2024,Construex,"Manabi, Construex"
CIUDAD: Quito | MENSAJE: ‎STK-20260330-WA0008.webp (archivo adjunto),,INF,WhatsApp,30/3/2026,,
CIUDAD: Cuenca | MENSAJE: Si esos son los precios,COT,COT,WhatsApp,15/1/2026,,
CIUDAD: Quito | MENSAJE: ‎IMG-20260421-WA0020.jpg (archivo adjunto),,INF,WhatsApp,21/4/2026,,
ETIQUETA: Cotizacion Materiales | ESTADO: Contactado | NOTAS: 80 M2 MICRO PARED,COT,COT,CRM2,07/08/2023,Contactado,Cotizacion Materiales
"ETIQUETA: Informacion General, Seguimiento de presentacion | ESTADO: Contactado | NOTAS: REDES SOCIALES",INF,SEG,CRM1,31/05/2023,Contactado,"Informacion General, Seguimiento de presentacion"
"ETIQUETA: Informacion General | ESTADO: Contactado | CONSULTA: Asesor: Hola, estoy conectada, te puedo ayudar en algo? Cliente: Cuál es el costo del microcemento por metro cuadrado Asesor: Cual es tu nombre? Cliente: Ricardo Asesor: Excelente Ricardo. Yo me encar | NOTAS: se envió información general y catálogos",COT,COT,CRM2,20/09/2023,Contactado,Informacion General
"ETIQUETA: Pichincha, Construex | ESTADO: Construex | CONSULTA: INTERESADO EN CONCRETO ESTAMPADO PARA PISOS",INF,INF,CRM2,22/08/2024,Construex,"Pichincha, Construex"
CIUDAD: Guayaquil | MENSAJE: Muy buenos dias por favor algun aplicador disponible para Quevedo ????,INF,INF,WhatsApp,25/3/2026,,
ETIQUETA: Informacion General | ESTADO: Contactado | NOTAS: se envio whatsapp de presentacion 15/02/2023 y mail pigmentos,INF,INF,CRM1,13/02/2023,Contactado,Informacion General
"ETIQUETA: Informacion General | ESTADO: Contactado | CONSULTA: Asesor: Hola, estoy conectada, te puedo ayudar en algo? Cliente: Buenas tardes necesito adquirir acidos oxidantes para hormigon Asesor: Cual es tu nombre? Cliente: Diego Toledo Asesor: Excelente Diego | NOTAS: INFO ACIDOS",VEN,INF,CRM2,24/03/2024,Contactado,Informacion General
"ETIQUETA: Informacion General, Seguimiento de presentacion | ESTADO: Contactado | NOTAS: SE ENVIO CATALOGO Y PRESENTACION",INF,SEG,CRM1,05/05/2023,Contactado,"Informacion General, Seguimiento de presentacion"
CIUDAD: Guayaquil | MENSAJE: @⁨+593 99 387 2059⁩ si está dentro del grupo estimado,INF,INF,WhatsApp,10/3/2026,,
"ETIQUETA: Informacion General | ESTADO: Contactado | CONSULTA: Asesor: Hola, estoy conectada, te puedo ayudar en algo? Cliente: buenas tardes Asesor: ¿Cómo estás? Cuéntame, ¿en que te puedo servir? Cliente: quiero un acabado mate y con colores difusos, que carta  | NOTAS: Se envió información y catalogo general, desea información sobre el sello mate y la cartilla de colores",INF,INF,CRM2,16/03/2024,Contactado,Informacion General
"ETIQUETA: Informacion General | ESTADO: Contactado | CONSULTA: Asesor: Hola, estoy conectada, te puedo ayudar en algo? Cliente: Hola Mariana buenas tardes bendiciones Asesor: Excelente Mariana. Yo me encargo de ponerte en contacto con un asesor especializado para | NOTAS: se le envió información general y catálogos",INF,INF,CRM2,20/08/2023,Contactado,Informacion General
ETIQUETA: Email - Numero inválido | ESTADO: Contactado | NOTAS: numero invalido,,INF,CRM2,25/08/2023,Contactado,Email - Numero inválido
ETIQUETA: Informacion General | ESTADO: Contactado | NOTAS: se envió información general catálogos,INF,INF,CRM2,25/09/2023,Contactado,Informacion General
ETIQUETA: Informacion General | ESTADO: Contactado | NOTAS: se envió información general y catálogos Base de datos cas abierta UIO,INF,INF,CRM2,13/11/2023,Contactado,Informacion General
ETIQUETA: Informacion General | ESTADO: Contactado | NOTAS: SE ENVIA CATALOGOS Y PRESENTACION,INF,INF,CRM1,05/05/2023,Contactado,Informacion General
ETIQUETA: Informacion General | ESTADO: Contactado | NOTAS: se envió información general vía correo,INF,INF,CRM2,22/11/2023,Contactado,Informacion General
ETIQUETA: Cotización Obra | ESTADO: Contactado | NOTAS: 50 m2 PARED ENCOFRADA,COT,INF,CRM2,02/10/2023,Contactado,Cotización Obra
"CIUDAD: Quito | MENSAJE: Muchas gracias, buena tarde.",INF,INF,WhatsApp,26/8/2025,,
"CIUDAD: Quito | MENSAJE: Ahora a sellar bonito sin dejar marcas , estirando bien el sello",INF,INF,WhatsApp,13/5/2025,,
CIUDAD: Guayaquil | MENSAJE: estamos atentos para servirles!,INF,INF,WhatsApp,27/8/2025,,
"ETIQUETA: Email inválido | ESTADO: Contactado | CONSULTA: Asesor: Hola, estoy conectada, te puedo ayudar en algo? Cliente: Hola estoy de Barcelona Asesor: Cual es tu nombre? Cliente: Joan Asesor: Yo me encargo de ponerte en contacto con un asesor especializa | NOTAS: CLIENTE INTERNACIONAL, SE ENVIO INFORMACION POR CORREO ,NO DEJO NUMERO TELEFONICO",INF,INF,CRM2,10/06/2024,Contactado,Email inválido
"ETIQUETA: Informacion General | ESTADO: Contactado | CONSULTA: Asesor: Hola, estoy conectada, te puedo ayudar en algo? Cliente: hola Asesor: ¿Cómo estás? Cuéntame, ¿en que te puedo servir? Cliente: quisiera pedir informes Asesor: Cual es tu nombre? Cliente: danie",INF,INF,CRM1,18/06/2023,Contactado,Informacion General
"ETIQUETA: Informacion General | ESTADO: Contactado | CONSULTA: Asesor: Hola, estoy conectada, te puedo ayudar en algo? Cliente: bUENOS DIAS Asesor: ¿Cómo estás? Cuéntame, ¿en que te puedo servir? Cliente: CUAL ES EL COSTO DE LOS MOLDES PARA ESTAMPAR CONCRETO Ases | NOTAS: se envió información y catalogo general - desea información de moldes",COT,COT,CRM2,26/01/2024,Contactado,Informacion General
ETIQUETA: Email - Numero inválido | ESTADO: Nuevo | NOTAS: se envió mail y catalogo,,INF,CRM1,09/03/2023,Nuevo,Email - Numero inválido
CIUDAD: Quito | MENSAJE: Más parece una mala propaganda del microcemento.,QUE,INF,WhatsApp,2/7/2025,,
"ETIQUETA: Informacion General | ESTADO: Contactado | CONSULTA: Asesor: Hola, estoy conectada, te puedo ayudar en algo? Cliente: Hola Marina, por favor necesito información sobre las láminas de piedra Asesor: Cual es tu nombre? Cliente: Verónica Rosero. Soy arquit | NOTAS: se envio presentacion y catalagos jeva",INF,INF,CRM1,30/03/2023,Contactado,Informacion General
"CIUDAD: Loja | MENSAJE: Estimados aplicadores, buenas tardes",INF,INF,WhatsApp,27/5/2024,,
CIUDAD: Cuenca | MENSAJE: ‎IMG-20240221-WA0023.jpg (archivo adjunto),,INF,WhatsApp,24/11/2025,,
"ETIQUETA: Cotizacion Materiales, Informacion General | ESTADO: Contactado | NOTAS: SE ENVIA COTIZACION MATERIALES",COT,COT,CRM2,15/08/2023,Contactado,"Cotizacion Materiales, Informacion General"
CIUDAD: Cuenca | MENSAJE: El molde es para la piedra qué va bajo la escultura por favor,INF,INF,WhatsApp,24/11/2025,,
"ETIQUETA: Informacion General | ESTADO: Contactado | CONSULTA: Buenas tardes, le escribo por parte de la empresa Sedemi, Quisiera cotizar el m2 de hormigón estampado | NOTAS: se envió información general y catalogo, inf, concreto estampado",COT,INF,CRM2,19/07/2024,Contactado,Informacion General
CIUDAD: Quito | MENSAJE: Muchas gracias por la información.,INF,INF,WhatsApp,26/8/2025,,
CIUDAD: Loja | MENSAJE: Cómo está muy buenas tardes adjunto nuestros catálogos para su mayor información también les menciono,INF,INF,WhatsApp,22/5/2025,,
CIUDAD: Cuenca | MENSAJE: Gracias muy amable,INF,INF,WhatsApp,4/12/2025,,
"ETIQUETA: Informacion General | ESTADO: Contactado | CONSULTA: Asesor: Hola, estoy conectada, te puedo ayudar en algo? Cliente: Buenas tardes, acabe de mandarles un mensaje por WhatsApp Asesor: Cual es tu nombre? Cliente: Laura Armijos Asesor: Excelente Laura. Yo | NOTAS: se envió presentación y catálogos",INF,INF,CRM1,17/03/2023,Contactado,Informacion General
CIUDAD: Manta | MENSAJE: Alguien tiene dos maestros  para que nos apoyen  en esta obra de Portoviejo  ?? Que sean buenos por fa,INF,INF,WhatsApp,12/3/2025,,
CIUDAD: Quito | MENSAJE: Calle Cristobal  Ayala N5181,INF,INF,WhatsApp,28/3/2026,,
"ETIQUETA: Email inválido | ESTADO: Contactado | CONSULTA: Asesor: Hola, estoy conectada, te puedo ayudar en algo? Cliente: buenos dias Asesor: ¿Cómo estás? Cuéntame, ¿en que te puedo servir? Cliente: realizan topes vehiculares; huellas peatonales y vehicular | NOTAS: INFO DE TOPES VEHICULARES",INF,INF,CRM2,07/02/2024,Contactado,Email inválido
"ETIQUETA: Informacion General | ESTADO: En seguimiento | NOTAS: CLIENTE BASE CONSTRUEX,se envió informacion general",INF,SEG,CRM2,11/04/2024,En seguimiento,Informacion General
"ETIQUETA: Cotizacion Materiales | ESTADO: Contactado | CONSULTA: Asesor: Hola, estoy conectada, te puedo ayudar en algo? Cliente: Hola tengo un local de cemento al sur de quito quisiera saber cuanto cuesta pulirlo tiene 52 m Asesor: Cual es tu nombre? Cliente: Cris | NOTAS: 50 M2 MICRO PISO",COT,COT,CRM2,11/04/2024,Contactado,Cotizacion Materiales
ETIQUETA: No concretada | ESTADO: Contactado | NOTAS: indico que vino hace algún tiempo cuando estuvo en construcción de un proyecto. La atención al cliente no le gusto Decidió buscar otras opciones,QUE,INF,CRM1,14/06/2023,Contactado,No concretada
CIUDAD: Cuenca | MENSAJE: Orgullosos de que seas parte de esta nueva y gran familia 😊,INF,INF,WhatsApp,23/11/2025,,
CIUDAD: Quito | MENSAJE: Saludos buenos dias,INF,INF,WhatsApp,1/12/2025,,
ETIQUETA: Seguimiento de presentacion | ESTADO: Contactado | NOTAS: se envió catálogos y presentación,INF,SEG,CRM1,03/05/2023,Contactado,Seguimiento de presentacion
"ETIQUETA: Cotizacion Materiales | ESTADO: Contactado | CONSULTA: Asesor: Hola, estoy conectada, te puedo ayudar en algo? Cliente: BUENAS TARDES POR FAVOR ME PODRIA AYUDAR CON UNA COTIZACION Asesor: Cual es tu nombre? Cliente: NICOLAS Asesor: Excelente Nicolas. Yo m | NOTAS: MATERIALES PARA MICRO 169 M2",COT,COT,CRM2,29/04/2024,Contactado,Cotizacion Materiales
ETIQUETA: Informacion General | ESTADO: En seguimiento | NOTAS: cliente interesado en aditivo - cliente construex,INF,SEG,CRM2,16/04/2024,En seguimiento,Informacion General
ETIQUETA: Informacion General | ESTADO: Contactado | NOTAS: INFORACION CURSO LOJA BASE DE DATOS,CUR,CUR,CRM2,09/11/2023,Contactado,Informacion General
"CIUDAD: Loja | MENSAJE: Gracias, el ácido se mezcla con agua 1,1, además el valor galón de ácido y sellador si puedo compilar en Loja, caso contrario la cuenta para depositar.",COT,INF,WhatsApp,14/11/2024,,
"ETIQUETA: Cotización Obra, Asesoramiento Tecnico | ESTADO: Contactado | NOTAS: ASISTENCIA TECNICA C/E",TEC,TEC,CRM2,24/08/2023,Contactado,"Cotización Obra, Asesoramiento Tecnico"
CIUDAD: Quito | MENSAJE: https://vm.tiktok.com/ZMAjqtYK3/,,INF,WhatsApp,30/8/2025,,
ETIQUETA: Cotización Obra | ESTADO: Contactado | NOTAS: 60 M2 C/E EN FUNDICION,COT,INF,CRM2,22/09/2023,Contactado,Cotización Obra
"ETIQUETA: Envio masivo whasapp | ESTADO: Contactado | CONSULTA: se envió whatsapp 13-02-2023 | NOTAS: se envio whatsapp 13/02,Se envió WhatsApp masivo",INF,INF,CRM1,13/02/2023,Contactado,Envio masivo whasapp
CIUDAD: Manta | MENSAJE: ‎CATALOGO DE MOLDES ACTUALES .pdf (archivo adjunto),INF,INF,WhatsApp,25/4/2024,,
"CIUDAD: Manta | MENSAJE: Hola, buenas noches",INF,INF,WhatsApp,2/4/2026,,
ETIQUETA: Informacion General | ESTADO: Contactado | NOTAS: se envió información general Base de datos casa abierta UIO,INF,INF,CRM2,13/11/2023,Contactado,Informacion General
"ETIQUETA: Cliente Derivado provincias, Informacion General | ESTADO: Contactado | CONSULTA: Asesor: Hola, estoy conectada, te puedo ayudar en algo? Cliente: Quiero saber en que precio está el metro cuadrado de concreto estampado Asesor: Cual es tu nombre? Cliente: Jonathan Asesor: Excelente  | NOTAS: El sr quisiera arreglar el piso de su patio, dice que son aprox 200m2, se encuentra en Salinas, se",COT,COT,CRM2,13/08/2023,Contactado,"Cliente Derivado provincias, Informacion General"
ETIQUETA: Informacion General | ESTADO: En seguimiento | NOTAS: CLIENTE CONSTRUEX - INF. MICRO,INF,SEG,CRM2,01/05/2024,En seguimiento,Informacion General
CIUDAD: Quito | MENSAJE: Muy buenas tardes tengan cada uno de ustedes compañeros y bienvenidos sean todos a esta maravillosa comunidad,INF,INF,WhatsApp,27/3/2026,,
CIUDAD: Quito | MENSAJE: ‎PTT-20260302-WA0036.opus (archivo adjunto),,INF,WhatsApp,2/3/2026,,
ETIQUETA: Informacion General | ESTADO: Contactado | NOTAS: INFO CURSO,CUR,CUR,CRM1,13/07/2023,Contactado,Informacion General
ETIQUETA: Informacion General | ESTADO: Contactado | NOTAS: se envió información y molde general,INF,INF,CRM2,11/12/2023,Contactado,Informacion General
"ETIQUETA: Informacion General, Desuscripto | ESTADO: Contactado | NOTAS: se envió información general y catálogos",INF,INF,CRM2,14/09/2023,Contactado,"Informacion General, Desuscripto"
"ETIQUETA: Informacion General | ESTADO: Contactado | CONSULTA: Buenas noches, quiero remodelar mi casa y colocar piso de microcemento y quiero saber si tienen un showroom para poder ver el acabado, estoy intersada en un satinado. | NOTAS: se envió información general y catálogo",INF,INF,CRM2,21/07/2024,Contactado,Informacion General
ETIQUETA: Informacion General | ESTADO: Nuevo | NOTAS: se envió catálogos y presentación,INF,INF,CRM1,28/03/2023,Nuevo,Informacion General
CIUDAD: Quito | MENSAJE: No es por humedad es por resitencia,TEC,INF,WhatsApp,18/6/2025,,
CIUDAD: Guayaquil | MENSAJE: ‎STK-20250523-WA0000.webp (archivo adjunto),,INF,WhatsApp,23/5/2025,,
"ETIQUETA: Informacion General | ESTADO: Contactado | CONSULTA: Asesor: Hola, estoy conectada, te puedo ayudar en algo? Cliente: Buenos dias sta. La saluda Manuel Chavez. Asesor: Excelente Manuel. Yo me encargo de ponerte en contacto con un asesor especializado pa | NOTAS: se envió catálogos y presentación",INF,INF,CRM1,06/05/2023,Contactado,Informacion General
"ETIQUETA: Informacion General, Asesoramiento Tecnico | ESTADO: Contactado | CONSULTA: Asesor: Hola, estoy conectada, te puedo ayudar en algo? Cliente: Hola Asesor: ¿Cómo estás? Cuéntame, ¿en que te puedo servir? Cliente: Necesito asesoría en el lugar Asesor: Cual es tu nombre? Cliente: | NOTAS: se envió información general y asesoramiento",TEC,INF,CRM2,26/06/2024,Contactado,"Informacion General, Asesoramiento Tecnico"
ETIQUETA: Informacion General | ESTADO: Contactado | NOTAS: SE ENVIO CATALOGO Y PRESENTACION BASE DE DATOS,INF,INF,CRM1,23/03/2023,Contactado,Informacion General
ETIQUETA: Informacion General | ESTADO: Contactado | NOTAS: 4 M2 C/E,INF,INF,CRM2,03/10/2023,Contactado,Informacion General
"ETIQUETA: Cotizacion Materiales, Informacion General | ESTADO: Contactado | CONSULTA: Asesor: Hola, estoy conectada, te puedo ayudar en algo? Cliente: Buenos días si Asesor: ¿Cómo estás? Cuéntame, ¿en que te puedo servir? Asesor: Sigues ahí? Cliente: Me da un número para cotizar produc | NOTAS: 1360 m2 C/E PISO GALAPAGOS Y MOLDE PERSONALIZADO",COT,COT,CRM2,19/09/2023,Contactado,"Cotizacion Materiales, Informacion General"
ETIQUETA: Informacion General | ESTADO: Contactado | NOTAS: se envio presentacion y catalogos Jeva,INF,INF,CRM1,28/03/2023,Contactado,Informacion General
CIUDAD: Quito | MENSAJE: Los grupos anteriores serán eliminados y nos quedaremos con este grupo,INF,INF,WhatsApp,14/5/2025,,
ETIQUETA: Informacion General | ESTADO: Contactado | NOTAS: INF. ACIDOS,INF,INF,CRM2,19/05/2024,Contactado,Informacion General
CIUDAD: Quito | MENSAJE: Los precios son en cualquier color  😉,COT,COT,WhatsApp,17/2/2025,,
ETIQUETA: Informacion General | ESTADO: Contactado | NOTAS: se envió WhatsApp te presentación 15/02/2023 y mail pigmentos,INF,INF,CRM1,13/02/2023,Contactado,Informacion General
"ETIQUETA: Informacion General | ESTADO: Contactado | CONSULTA: Asesor: Hola, estoy conectada, te puedo ayudar en algo? Cliente: Hola quiera cotizar hormigón visto para exteriores para gradas Asesor: Cual es tu nombre? Cliente: Andrea Muñoz Asesor: Excelente Andre | NOTAS: INFO DE CE",COT,INF,CRM2,01/04/2024,Contactado,Informacion General
ETIQUETA: No concretada | ESTADO: Contactado | NOTAS: no esta interesada,INF,INF,CRM1,03/03/2023,Contactado,No concretada
"ETIQUETA: Informacion General | ESTADO: Contactado | NOTAS: Se le envió información general, estamos a la espera de respuesta",INF,INF,CRM2,04/08/2023,Contactado,Informacion General
ETIQUETA: Informacion General | ESTADO: Contactado | NOTAS: BASE CLIENTE/DISTRIBUIDOR FERRETERO,INF,INF,CRM2,13/05/2024,Contactado,Informacion General
ETIQUETA: Informacion General | ESTADO: Contactado | NOTAS: PIGMENTO E INFORMACION DE CANCHA DE CAROLINA,INF,INF,CRM2,29/08/2023,Contactado,Informacion General
"ETIQUETA: Informacion General | ESTADO: APLICADORES | NOTAS: CLIENTE CONSTRUEX,Se envió info general y catálogo por whatsapp",INF,INF,CRM2,18/07/2024,APLICADORES,Informacion General
"ETIQUETA: Informacion General | ESTADO: En seguimiento | NOTAS: CLIENTE BASE CONSTRUEX,se envio informacion y catalogo general",INF,SEG,CRM2,11/04/2024,En seguimiento,Informacion General
ETIQUETA: Informacion General | ESTADO: Contactado | NOTAS: PREGUNTO PRECIO Y NO RESPONDIO MAS,COT,COT,CRM1,05/04/2023,Contactado,Informacion General
CIUDAD: Loja | MENSAJE: No quiero para el sabado,INF,INF,WhatsApp,22/4/2026,,
"ETIQUETA: Informacion General | ESTADO: Contactado | CONSULTA: Asesor: Hola, estoy conectada, te puedo ayudar en algo? Cliente: hola buen dia m e puedes ayudar con una cotizaciion por favor Asesor: Cual es tu nombre? Asesor: Cliente: Milena Guerron Asesor: Excele | NOTAS: inf. microcemento (10m2) se le envió información general y catálogos",COT,INF,CRM2,17/10/2023,Contactado,Informacion General
ETIQUETA: Informacion General | ESTADO: Contactado | NOTAS: se le derivo a Oscar Cazares cotización para 100m2 para Ibarra,COT,INF,CRM1,06/06/2023,Contactado,Informacion General
ETIQUETA: Informacion General | ESTADO: Contactado | NOTAS: se envió catalogo y presentación,INF,INF,CRM1,20/03/2023,Contactado,Informacion General
ETIQUETA: Informacion General | ESTADO: Contactado | NOTAS: Se envio whatsapp de presentación y mail pigmentos,INF,INF,CRM1,13/02/2023,Contactado,Informacion General
ETIQUETA: Informacion General | ESTADO: Contactado | NOTAS: se envió información y catalogo general,INF,INF,CRM2,04/12/2023,Contactado,Informacion General
ETIQUETA: Informacion General | ESTADO: Contactado | NOTAS: se envió información general y catálogos Base de datos casa abierta UIO,CUR,INF,CRM2,13/11/2023,Contactado,Informacion General
"ETIQUETA: Informacion General | ESTADO: Contactado | CONSULTA: Cual es la dosificacion para colocar el pigmento | NOTAS: Se envió información y catalogo general, el cliente tiene dudas sobre la dosificación del pigmento para concreto",TEC,INF,CRM2,09/04/2024,Contactado,Informacion General
"ETIQUETA: Envio masivo whasapp | ESTADO: Contactado | NOTAS: Se envió WhatsApp masivo,se envió presentación,se envió presentación",INF,INF,CRM1,22/02/2023,Contactado,Envio masivo whasapp
ETIQUETA: Envio masivo whasapp | ESTADO: Contactado | NOTAS: SE ENVIO MAIL Y CATALOGOS,INF,INF,CRM1,09/03/2023,Contactado,Envio masivo whasapp
ETIQUETA: Informacion General | ESTADO: Contactado | NOTAS: CONSTRUCCION Se envía catálogo general.,INF,INF,CRM2,29/05/2024,Contactado,Informacion General
"CIUDAD: Cuenca | MENSAJE: Muy amable, gracias",INF,INF,WhatsApp,4/12/2025,,
"ETIQUETA: Email inválido | ESTADO: Contactado | NOTAS: Numero repetido,BASE DE DATOS",,INF,CRM2,09/11/2023,Contactado,Email inválido
ETIQUETA: Informacion General | ESTADO: Contactado | NOTAS: se envio catalogos y presentacion,INF,INF,CRM1,05/05/2023,Contactado,Informacion General
CIUDAD: Quito | MENSAJE: Estamos para servirles,INF,INF,WhatsApp,26/8/2025,,
ETIQUETA: Informacion General | ESTADO: Contactado | NOTAS: se envió whatsapp de presentación 15/02/2023 y mail pigmentos,INF,INF,CRM1,13/02/2023,Contactado,Informacion General
CIUDAD: Loja | MENSAJE: Básicamente  la diferencia entre las dos lineas de producto es que la Linea Premiun esta fabricada con materia prima Alemana que la importamos directamente.,INF,INF,WhatsApp,30/6/2025,,
ETIQUETA: Informacion General | ESTADO: Contactado | NOTAS: INFO DE MOLDES,INF,INF,CRM2,10/11/2023,Contactado,Informacion General
ETIQUETA: Email inválido | ESTADO: numero no valido | NOTAS: base de datos,,INF,CRM2,05/09/2023,numero no valido,Email inválido
CIUDAD: Loja | MENSAJE: ‎PTT-20241114-WA0016.opus (archivo adjunto),,INF,WhatsApp,14/11/2024,,
CIUDAD: Loja | MENSAJE: ‎Admin Rocktec MAYRA.vcf (archivo adjunto),,INF,WhatsApp,14/11/2024,,
ETIQUETA: Informacion General | ESTADO: Contactado | NOTAS: SE LE ENVIO INFORMACION GENERAL Y CATALOGOS,INF,INF,CRM2,07/08/2023,Contactado,Informacion General
"ETIQUETA: Informacion General | ESTADO: Contactado | NOTAS: ARQUITECTOS, Se envía información general y catálogo",INF,INF,CRM2,29/05/2024,Contactado,Informacion General
"ETIQUETA: Cotización Obra | ESTADO: Contactado | CONSULTA: Buenos días, le saluda Felipe Villacís de la constructora Castelo Jácome. Quería por favor que me ayude con una cotización de microcemento de 194 m2 | NOTAS: SE LE ENVIO COTIZACION POR 194M2 DE MICROCEMENTO EN CUMBAYA",COT,COT,CRM1,22/05/2023,Contactado,Cotización Obra
"ETIQUETA: Informacion General, Oriente, Construex | ESTADO: Contactado | NOTAS: CLIENTE CONSTRUEX INTERESADO EN LIMPIADORES INDUSTRIALES, se envió info por whatsapp",INF,INF,CRM2,30/07/2024,Contactado,"Informacion General, Oriente, Construex"
"ETIQUETA: Informacion General | ESTADO: Contactado | NOTAS: CLIENTE FERIA CLAVE CUMBAYA, CONSTRUCTORA",INF,INF,CRM2,28/06/2024,Contactado,Informacion General
CIUDAD: Guayaquil | MENSAJE: Buenos días este momento se contactan,INF,INF,WhatsApp,19/11/2025,,
CIUDAD: Quito | MENSAJE: Gracias muy proactivo  Robert,INF,INF,WhatsApp,29/3/2026,,
CIUDAD: Quito | MENSAJE: Ya busco un video y les envio 😉,INF,INF,WhatsApp,21/4/2026,,
"ETIQUETA: Informacion General | ESTADO: Contactado | CONSULTA: Asesor: Hola, estoy conectada, te puedo ayudar en algo? Cliente: Buen día, me puede ayudar con el costo de los moldes para estampar concreto? Asesor: Cual es tu nombre? Cliente: Guber Armijos Asesor:  | NOTAS: Se envío catálogo",COT,COT,CRM1,19/06/2023,Contactado,Informacion General
ETIQUETA: Informacion General | ESTADO: Contactado | NOTAS: pregunto precio por m2 de microcemento,COT,COT,CRM1,11/07/2023,Contactado,Informacion General
ETIQUETA: Email inválido | ESTADO: Nuevo | NOTAS: CONSTRUCTORA,,INF,CRM2,13/05/2024,Nuevo,Email inválido
ETIQUETA: Venta ganada | ESTADO: Cliente Frecuente | NOTAS: APLICADOR,VEN,INF,CRM1,22/02/2023,Cliente Frecuente,Venta ganada
"ETIQUETA: Informacion General, Email inválido | ESTADO: Contactado | NOTAS: pidio informacion de concreto estampado se le envio modelos y precios",COT,COT,CRM1,14/06/2023,Contactado,"Informacion General, Email inválido"
ETIQUETA: Informacion General | ESTADO: Contactado | NOTAS: NUMERO REPETIDO BASE DE DATOS,INF,INF,CRM2,09/11/2023,Contactado,Informacion General
ETIQUETA: Email - Numero inválido | ESTADO: Nuevo | NOTAS: no es el numero,,INF,CRM1,28/03/2023,Nuevo,Email - Numero inválido
"ETIQUETA: Informacion General | ESTADO: Contactado | CONSULTA: precio del producto, y si realiza envió a Naranjito guayas | NOTAS: info general",COT,COT,CRM2,27/11/2023,Contactado,Informacion General
"ETIQUETA: Informacion General | ESTADO: Contactado | NOTAS: se envió información sobre ácidos oxidantes, en espera de respuesta",INF,INF,CRM2,19/06/2024,Contactado,Informacion General
CIUDAD: Loja | MENSAJE: El microcemento se puede aplicar en espacios con fines de comercialización de cárnicos?,TEC,INF,WhatsApp,7/11/2024,,
"ETIQUETA: Informacion General | ESTADO: Contactado | NOTAS: El numero esta incompleto, se le envió información por correo",INF,INF,CRM2,02/04/2024,Contactado,Informacion General
CIUDAD: Loja | MENSAJE: ‎IMG-20260422-WA0001.jpg (archivo adjunto),,INF,WhatsApp,22/4/2026,,
ETIQUETA: Informacion General | ESTADO: Contactado | NOTAS: Atentido M.A,INF,INF,CRM1,16/05/2023,Contactado,Informacion General
CIUDAD: Quito | MENSAJE: ‎STK-20250702-WA0035.webp (archivo adjunto),,INF,WhatsApp,2/7/2025,,
ETIQUETA: Envio masivo whasapp | ESTADO: Contactado | NOTAS: se envió presentación,INF,INF,CRM1,16/02/2023,Contactado,Envio masivo whasapp
ETIQUETA: Informacion General | ESTADO: Contactado | NOTAS: SE ENVIO CATALOGOS Y PRESENTACION,INF,INF,CRM1,14/03/2023,Contactado,Informacion General
ETIQUETA: Informacion General | ESTADO: Contactado | CONSULTA: Alejandro delgado,INF,INF,CRM2,21/09/2023,Contactado,Informacion General
ETIQUETA: Informacion General | ESTADO: Contactado | NOTAS: personal de oficina,INF,INF,CRM2,13/11/2023,Contactado,Informacion General
ETIQUETA: Informacion General | ESTADO: Contactado | NOTAS: PIGMENTO,INF,INF,CRM2,28/08/2023,Contactado,Informacion General
ETIQUETA: Cotizacion Materiales | ESTADO: Contactado | NOTAS: se le envió cotización de microcemento $27 +IVA valle de los chillos 35m2,COT,COT,CRM1,21/04/2023,Contactado,Cotizacion Materiales
ETIQUETA: Informacion General | ESTADO: Contactado | NOTAS: se envio informacion general y catalogos,INF,INF,CRM2,19/10/2023,Contactado,Informacion General
"ETIQUETA: Informacion General | ESTADO: Contactado | CONSULTA: Asesor: Hola, estoy conectada, te puedo ayudar en algo? Cliente: Buenas. Asesor: ¿Cómo estás? Cuéntame, ¿en que te puedo servir? Cliente: Que precio tiene el cemento estampado Asesor: Cual es tu nombr | NOTAS: QUIERE REMODELAR EL PISO DE UNA HACIENDA, SE ENCUENTRA EN GUAYAQUIL",COT,COT,CRM2,10/08/2023,Contactado,Informacion General
CIUDAD: Loja | MENSAJE: Buenos días por favor tal vez algún aplicador en Los Ríos (Buena fé)??,INF,INF,WhatsApp,8/10/2025,,
"ETIQUETA: Informacion General | ESTADO: Contactado | CONSULTA: Asesor: Hola, estoy conectada, te puedo ayudar en algo? Cliente: Hola buenas noches Asesor: Cual es tu nombre? Cliente: Quisiera información sobre microcemento patra pisos y paredes en baños y cocinas | NOTAS: Se le envió información general y catálogos.,Información de micro en pisos y paredes",INF,INF,CRM2,27/10/2023,Contactado,Informacion General
ETIQUETA: Cotización Obra | ESTADO: Contactado | NOTAS: 100 m2 C/E FUNDICION WYMPER,COT,INF,CRM2,05/09/2023,Contactado,Cotización Obra
CIUDAD: Guayaquil | MENSAJE: Cómo está muy buenos días Inge dígame en qué le podemos servir,INF,INF,WhatsApp,7/11/2025,,
ETIQUETA: Informacion General | ESTADO: Contactado | NOTAS: SE ENVIO MENSAJE DE SOLICITUD DE MAESTROS se envio encuesta del curso,CUR,CUR,CRM2,24/07/2023,Contactado,Informacion General
ETIQUETA: Informacion General | ESTADO: Contactado | CONSULTA: Hola quisiera cotizar el acabado de microcemento para un piso interior. Gracias | NOTAS: INFO MICRO,COT,INF,CRM2,19/10/2023,Contactado,Informacion General
"ETIQUETA: Envio masivo whasapp, Email inválido | ESTADO: Contactado | NOTAS: Se envió WhatsApp masivo",,INF,CRM1,10/03/2023,Contactado,"Envio masivo whasapp, Email inválido"
CIUDAD: Quito | MENSAJE: Que tal está una mano de lechada con el aditivo que se prepara el microcemento luego está el tincel,TEC,INF,WhatsApp,18/6/2025,,
CIUDAD: Guayaquil | MENSAJE: Buenas tardes. Gracias por la información,INF,INF,WhatsApp,26/8/2025,,
"ETIQUETA: Informacion General | ESTADO: Contactado | CONSULTA: Asesor: Hola, estoy conectada, te puedo ayudar en algo? Cliente: Necesito ayuda con respecto al microcemento pulido para pisos Asesor: Cual es tu nombre? Cliente: Diana Ortiz Asesor: Excelente Diana.  | NOTAS: Se envió info sobre micro vía whatsapp",INF,INF,CRM2,24/07/2024,Contactado,Informacion General
ETIQUETA: Informacion General | ESTADO: Contactado | CONSULTA: Buen día me podrían ayudar co. Su catálogo de cerámica hidráulica q disponen,INF,INF,CRM1,03/07/2023,Contactado,Informacion General
ETIQUETA: Informacion General | ESTADO: APLICADORES | NOTAS: CLIENTE CONSTRUEX,INF,INF,CRM2,16/07/2024,APLICADORES,Informacion General
CIUDAD: Quito | MENSAJE: Exelente información gracias,INF,INF,WhatsApp,18/6/2025,,
CIUDAD: Quito | MENSAJE: Estimados APLICADORES!,INF,INF,WhatsApp,29/5/2024,,
CIUDAD: Manta | MENSAJE: ‎IMG-20250717-WA0027.jpg (archivo adjunto),,INF,WhatsApp,17/7/2025,,
"ETIQUETA: Informacion General | ESTADO: Contactado | CONSULTA: Estimados buenas tardes, me podrian asesoras que producto debo utilizar para fabricar adoquin de colores. gracias | NOTAS: Se envia mensaje al cliente y se adjunta catalogo general y catalogo de pigmento que el cliente esta interesado.",INF,INF,CRM2,03/12/2024,Contactado,Informacion General
ETIQUETA: Informacion General | ESTADO: Contactado | NOTAS: Se envió información general y catálogos Base de datos casa abierta UIO,CUR,INF,CRM2,13/11/2023,Contactado,Informacion General
"ETIQUETA: Venta ganada | ESTADO: Contactado | NOTAS: venta de materiales y asistencia técnica para Ambato, factura por $609.28",VEN,VEN,CRM1,22/06/2023,Contactado,Venta ganada
CIUDAD: Cuenca | MENSAJE: Todos los precios son más IVA,COT,COT,WhatsApp,24/11/2025,,
CIUDAD: Loja | MENSAJE: ‎PTT-20260422-WA0003.opus (archivo adjunto),,INF,WhatsApp,22/4/2026,,
"ETIQUETA: Informacion General, Email inválido | ESTADO: Contactado | CONSULTA: Asesor: Hola, estoy conectada, te puedo ayudar en algo? Cliente: Hola Marina Asesor: ¿Cómo estás? Cuéntame, ¿en que te puedo servir? Cliente: Tienen ustedes endurecedor de pisos de cuarzo color negro  | NOTAS: PIGMENTO Y ENDURECEDOR PISO",INF,INF,CRM2,19/09/2023,Contactado,"Informacion General, Email inválido"
CIUDAD: Loja | MENSAJE: Saludos claro lo puedes mirar en la pagina web en la parte  que dice videos,INF,INF,WhatsApp,18/12/2024,,
ETIQUETA: Informacion General | ESTADO: Contactado | NOTAS: se envió información general curso LOJA base de datos LOja,CUR,CUR,CRM2,09/11/2023,Contactado,Informacion General
ETIQUETA: Cotizacion Materiales | ESTADO: Contactado | NOTAS: se envio precios de los kits de microcemento y numero de maestros,COT,COT,CRM1,28/06/2023,Contactado,Cotizacion Materiales
ETIQUETA: Informacion General | ESTADO: Contactado | NOTAS: Se envió información y catalogo general,INF,INF,CRM2,11/12/2023,Contactado,Informacion General
CIUDAD: Guayaquil | MENSAJE: ‎IMG-20250702-WA0032.jpg (archivo adjunto),,INF,WhatsApp,5/3/2026,,
ETIQUETA: Informacion General | ESTADO: Contactado | NOTAS: SE LE ENVIO CATALOGOS DE MOLDES EN VENTA,INF,INF,CRM1,14/06/2023,Contactado,Informacion General
ETIQUETA: Informacion General | ESTADO: Contactado | NOTAS: CLIENTE FERIA CLAVE CUMBAYA INF. MICRO,INF,INF,CRM2,20/06/2024,Contactado,Informacion General
ETIQUETA: Informacion General | ESTADO: Contactado | NOTAS: 5 M2 C/E,INF,INF,CRM2,22/08/2023,Contactado,Informacion General
CIUDAD: Quito | MENSAJE: Por favor alguno de ustedes esta haciendo mobiliario urbano en concreto?,INF,INF,WhatsApp,10/2/2026,,
ETIQUETA: Cotizacion Materiales | ESTADO: Contactado | NOTAS: 36 M2 MATERIALES MICRO,COT,COT,CRM2,01/11/2023,Contactado,Cotizacion Materiales
"ETIQUETA: Informacion General | ESTADO: Contactado | CONSULTA: Asesor: Hola, estoy conectada, te puedo ayudar en algo? Cliente: Hola, buenos días. Estoy buscando microcemento, tienen algún show room donde pueda ver gama de colores y el terminado final directament | NOTAS: INFO MICRO",INF,INF,CRM2,02/05/2024,Contactado,Informacion General
"CIUDAD: Loja | MENSAJE: Buenos días, en una vered",INF,INF,WhatsApp,14/11/2024,,
CIUDAD: Guayaquil | MENSAJE: ‎PTT-20251107-WA0008.opus (archivo adjunto),,INF,WhatsApp,7/11/2025,,
CIUDAD: Quito | MENSAJE: Pasó a adjuntar precios actualizados catálogos etc,COT,COT,WhatsApp,26/8/2025,,
"ETIQUETA: Informacion General | ESTADO: Contactado | CONSULTA: Asesor: Hola, estoy conectada, te puedo ayudar en algo? Cliente: Buenas noches Asesor: ¿Cómo estás? Cuéntame, ¿en que te puedo servir? Cliente: quisiera por favor informaciòn sobre los pigmentos para  | NOTAS: INFO PIGMENTO",INF,INF,CRM2,31/03/2024,Contactado,Informacion General
ETIQUETA: Cotizacion Materiales | ESTADO: En seguimiento | NOTAS: Cotizacion enviada 300 m2 materiales microcemento,COT,COT,CRM1,11/05/2023,En seguimiento,Cotizacion Materiales
"ETIQUETA: Informacion General | ESTADO: Contactado | CONSULTA: Asesor: Hola, estoy conectada, te puedo ayudar en algo? Cliente: buenas tardes una consulta el producto microcemento me sirve para sellar juntas de alto trafico Asesor: Cual es tu nombre? Cliente: Jua | NOTAS: se envió información y catalogo general",TEC,INF,CRM2,25/04/2024,Contactado,Informacion General
CIUDAD: Quito | MENSAJE: Buenas tardes estimados clientes solo para indicarles que nuestro show room esta ubicado en nuestra fabrica Bomanite el lugar donde algunos de ustedes recibieron el taller en Carcelén... Todo con la finalidad de brindarles un mejor servicio.,CUR,CUR,WhatsApp,14/7/2025,,
"CIUDAD: Loja | MENSAJE: Buenas noches, por favor, me pueden ayudar con el precio referencial de concreto estampado en pisos?",COT,COT,WhatsApp,24/6/2024,,
CIUDAD: Guayaquil | MENSAJE: ‎IMG-20251220-WA0003.jpg (archivo adjunto),,INF,WhatsApp,20/12/2025,,
CIUDAD: Quito | MENSAJE: Buen dia Gracias 👍🏽,INF,INF,WhatsApp,17/2/2025,,
"CIUDAD: Quito | MENSAJE: son referenciales pero tambien va a depender si tienes que alquilar andamios , si la obra es lejos de Quito etc",INF,INF,WhatsApp,7/4/2026,,
ETIQUETA: Informacion General | ESTADO: Contactado | NOTAS: Se le envio informacion general y catalogos,INF,INF,CRM2,17/08/2023,Contactado,Informacion General
ETIQUETA: Informacion General | ESTADO: Contactado | NOTAS: cliente cosntruex,INF,INF,CRM2,09/05/2024,Contactado,Informacion General
"ETIQUETA: Informacion General | ESTADO: Contactado | CONSULTA: Asesor: Hola, estoy conectada, te puedo ayudar en algo? Cliente: hola Asesor: ¿Cómo estás? Cuéntame, ¿en que te puedo servir? Cliente: necesito cotizar microcemento en fachada Asesor: Cual es tu nombr | NOTAS: INFO MICRO",COT,INF,CRM2,16/08/2023,Contactado,Informacion General
"ETIQUETA: Cotización Obra, Informacion General | ESTADO: En seguimiento | NOTAS: Se le envió cotización de obra para la cuidad de Sangolqui 100 m2 de concreto estampado",COT,SEG,CRM2,08/08/2023,En seguimiento,"Cotización Obra, Informacion General"
"ETIQUETA: Informacion General | ESTADO: Contactado | CONSULTA: Asesor: Hola, estoy conectada, te puedo ayudar en algo? Cliente: hola, quiero cotizar microcemento para un piso de 6x6. Esta e Mindo, por lo tanto me gustaria saber si eso encima del hormigon, ayuda a | NOTAS: inf. microcemento",COT,INF,CRM2,03/06/2024,Contactado,Informacion General
ETIQUETA: Email - Numero inválido | ESTADO: Nuevo | NOTAS: se envió presentación e información,,INF,CRM1,16/02/2023,Nuevo,Email - Numero inválido
"ETIQUETA: Informacion General | ESTADO: Contactado | CONSULTA: Asesor: Hola, estoy conectada, te puedo ayudar en algo? Cliente: Buenos días cual es el precio del m8crocemento Asesor: Cual es tu nombre? Cliente: Diego flore Asesor: Excelente Diego. Yo me encargo d | NOTAS: INFO GENERAL",COT,COT,CRM2,27/11/2023,Contactado,Informacion General
CIUDAD: Loja | MENSAJE: Ok entonces ya le vamos a responder lo mismo 👍,INF,INF,WhatsApp,7/11/2024,,
"ETIQUETA: Informacion General | ESTADO: Contactado | CONSULTA: Asesor: Hola, estoy conectada, te puedo ayudar en algo? Cliente: hola tneogo una consulta este tipo de cemento puede ayuda a revestir un piso de edificio que no ha sido mantenido Asesor: Cual es tu no | NOTAS: se le envió precio de Microcemento mañana nos dice cuantos m2 para cotización mas presisa",COT,COT,CRM1,24/05/2023,Contactado,Informacion General
"ETIQUETA: Informacion General | ESTADO: Contactado | NOTAS: CLIENTE FERIA CLAVE CUMBAYA , INF MICRO",INF,INF,CRM2,25/06/2024,Contactado,Informacion General
CIUDAD: Manta | MENSAJE: Chicos buenos dias como estan,INF,INF,WhatsApp,28/1/2026,,
"ETIQUETA: Informacion General | ESTADO: Contactado | NOTAS: Se le envío información general y catálogos,está interesado en microcemento para acceso principal, estacionamiento y porche de una vivienda",INF,INF,CRM2,16/08/2023,Contactado,Informacion General
ETIQUETA: Informacion General | ESTADO: Contactado | NOTAS: SE ENVIO INFORMACION CURSO LOJA BASE DE DATOS,CUR,CUR,CRM2,09/11/2023,Contactado,Informacion General
CIUDAD: Quito | MENSAJE: ‎IMG-20250226-WA0038.jpg (archivo adjunto),,INF,WhatsApp,26/2/2025,,
CIUDAD: Quito | MENSAJE: Con barios materiales,INF,INF,WhatsApp,29/11/2025,,
ETIQUETA: Informacion General | ESTADO: Contactado | NOTAS: CLIENTE FERIA CLAVE CUMBATA,INF,INF,CRM2,28/06/2024,Contactado,Informacion General
ETIQUETA: Email - Numero inválido | ESTADO: Contactado,,INF,CRM1,28/03/2023,Contactado,Email - Numero inválido
CIUDAD: Manta | MENSAJE: ‎PRECIOS MATERIALES 2024.pdf (archivo adjunto),COT,COT,WhatsApp,14/5/2024,,
ETIQUETA: Informacion General | ESTADO: Contactado | NOTAS: se le dio precio por m2 de concreto estampado y asistencia técnica en Riobamba para 18m2,COT,COT,CRM2,25/07/2023,Contactado,Informacion General
ETIQUETA: Informacion General | ESTADO: Contactado | NOTAS: se envió catálogos y presentación se envió información del curso,CUR,CUR,CRM1,27/04/2023,Contactado,Informacion General
ETIQUETA: Cotizacion Materiales | ESTADO: Contactado | NOTAS: MATERIALES 33 M2 C/E,COT,COT,CRM2,01/11/2023,Contactado,Cotizacion Materiales
CIUDAD: Quito | MENSAJE: Una junta  de aluminio o madera,INF,INF,WhatsApp,26/3/2025,,
"CIUDAD: Guayaquil | MENSAJE: ¡Hola, estimados aplicadores!",INF,INF,WhatsApp,24/2/2026,,
ETIQUETA: Informacion General | ESTADO: Contactado | NOTAS: Se envia mensaje al cliente y se adjunto catalogo de pigmento.,INF,INF,CRM2,25/11/2024,Contactado,Informacion General
"ETIQUETA: Cotización Obra, Informacion General | ESTADO: Contactado | NOTAS: 40 en c/e y 20 micro",COT,INF,CRM2,29/11/2023,Contactado,"Cotización Obra, Informacion General"
"ETIQUETA: Cotizacion Materiales, Venta ganada | ESTADO: Contactado | CONSULTA: Asesor: Hola, estoy conectada, te puedo ayudar en algo? Cliente: Buenas tardes porfavor necesito alquilar y comprar material Asesor: Cual es tu nombre? Asesor: Sigues ahí? Cliente: Mi nombre es Marco  | NOTAS: material para concreto estampado-150m2",VEN,COT,CRM2,17/04/2024,Contactado,"Cotizacion Materiales, Venta ganada"
ETIQUETA: Informacion General | ESTADO: Contactado | NOTAS: SE ENVIO PRESENTACIN Y CATALOGO JEVA,INF,INF,CRM1,20/03/2023,Contactado,Informacion General
"ETIQUETA: Venta ganada | ESTADO: Venta ganada | CONSULTA: Asesor: Hola, estoy conectada, te puedo ayudar en algo? Cliente: Hola cuánto cuesta el ácido oxidante Asesor: Cual es tu nombre? Cliente: Santiago Asesor: Excelente Santiago. Yo me encargo de ponerte  | NOTAS: Se adjunto catalogo de Acidos y se realizo la venta de productos.",VEN,INF,CRM2,10/09/2024,Venta ganada,Venta ganada
CIUDAD: Loja | MENSAJE: Buenos días me puede ayudar una información el microcemento reciste para una plataforma de un garaje donde se va a estacionar 3 vehículos,INF,INF,WhatsApp,19/10/2025,,
ETIQUETA: Informacion General | ESTADO: Contactado | NOTAS: INFO C/E,INF,INF,CRM2,22/09/2023,Contactado,Informacion General
CIUDAD: Guayaquil | MENSAJE: Buenos días estimados clientes adjunto la lista de precios actualizados aqui pueden ver los precios con beneficios para nuestros aplicadores,COT,COT,WhatsApp,27/5/2025,,
"ETIQUETA: Informacion General | ESTADO: Contactado | CONSULTA: Asesor: Hola, estoy conectada, te puedo ayudar en algo? Cliente: Deseo saber sobre los ácidos pues deseo utilizarlos en lienzo x favor Asesor: Cual es tu nombre? Cliente: Mika Asesor: Yo me encargo de | NOTAS: Se envia mensaje al cliente y se adjunta catalogo general de productos,adicional catalogo de Acidos que el cliente solicita.",INF,INF,CRM2,05/12/2024,Contactado,Informacion General
ETIQUETA: Email - Numero inválido | ESTADO: Nuevo | NOTAS: se envió WhatsApp y catálogos 08/03,,INF,CRM1,08/03/2023,Nuevo,Email - Numero inválido
"ETIQUETA: Venta ganada, Informacion General | ESTADO: Contactado | NOTAS: venta de Materiales para concreto estampado para 60 m2 y asistencia técnica por 2 días",VEN,INF,CRM1,30/05/2023,Contactado,"Venta ganada, Informacion General"
CIUDAD: Quito | MENSAJE: Sería una te de aluminio,INF,INF,WhatsApp,26/3/2025,,
ETIQUETA: Informacion General | ESTADO: Contactado | NOTAS: SE ENVIO MENSAJE DE SOLICITUD DE MAESTROS se envió encuesta del curso,CUR,CUR,CRM2,24/07/2023,Contactado,Informacion General
"ETIQUETA: Venta ganada, Informacion General | ESTADO: Contactado | NOTAS: REDES SOCIALES INFO MOLDES/ MOLDE VENDIDO OFRECIDO USADO",VEN,INF,CRM1,01/06/2023,Contactado,"Venta ganada, Informacion General"
ETIQUETA: Informacion General | ESTADO: Contactado | NOTAS: SE ENVION CATALOGOS Y PRESENTACION JEVA,INF,INF,CRM1,11/04/2023,Contactado,Informacion General
"ETIQUETA: Informacion General | ESTADO: Contactado | CONSULTA: Asesor: Hola, estoy conectada, te puedo ayudar en algo? Cliente: Buenos días Marina, ni nombre es Mauricio. Necesito información del hormigón estampado y precios. Muchas gracias Asesor: Excelente Maur | NOTAS: se envio presentacion y catalogos",COT,COT,CRM1,14/04/2023,Contactado,Informacion General
"ETIQUETA: Informacion General | ESTADO: Contactado | CONSULTA: Buen día quisiera por favor que me ayude con los modelos que dispone sobre los estampados de concreto y sus valores, gracias | NOTAS: Se adjunta catalogo de Concreto estampado.",INF,INF,CRM2,19/09/2024,Contactado,Informacion General
CIUDAD: Quito | MENSAJE: Jajaajaj usted ya es pro jajajaa,INF,INF,WhatsApp,27/3/2026,,
"ETIQUETA: Informacion General | ESTADO: En seguimiento | NOTAS: CLIENTE BASE CONSTRUEX,cliente duplicado",INF,SEG,CRM2,11/04/2024,En seguimiento,Informacion General
ETIQUETA: Informacion General | ESTADO: Nuevo | NOTAS: SE ENVIO CATALOGOS Y PRESENTACION BASE DE DATOS,INF,INF,CRM1,23/03/2023,Nuevo,Informacion General
"ETIQUETA: Informacion General, Oriente | ESTADO: Construex | NOTAS: Cliente Construex interesado en pigmentos",INF,INF,CRM2,29/07/2024,Construex,"Informacion General, Oriente"
"ETIQUETA: Informacion General | ESTADO: Contactado | CONSULTA: Asesor: Hola, estoy conectada, te puedo ayudar en algo? Cliente: Hola Asesor: ¿Cómo estás? Cuéntame, ¿en que te puedo servir? Cliente: Necesito Asesor: Cual es tu nombre? Cliente: phthalocyanine blue  | NOTAS: Se envia mensaje al cliente y se adjunta catalogo general de productos.",INF,INF,CRM2,26/11/2024,Contactado,Informacion General
"ETIQUETA: Informacion General | ESTADO: Contactado | CONSULTA: Asesor: Hola, estoy conectada, te puedo ayudar en algo? Cliente: Buenos dias quisiera que me ayuden con mas informacion acerca del micro cemento Asesor: Cual es tu nombre? Asesor: Cliente: Xavier Espi | NOTAS: INFO GENERAL MICROCEMENTO",INF,INF,CRM2,08/05/2024,Contactado,Informacion General
"ETIQUETA: Informacion General | ESTADO: Contactado | NOTAS: Prospecto Feria clave Inf, General,se envía información general y catalogo",INF,INF,CRM2,14/06/2024,Contactado,Informacion General
"ETIQUETA: Informacion General | ESTADO: Contactado | CONSULTA: Asesor: Hola, estoy conectada, te puedo ayudar en algo? Cliente: Precio de hormigón por metro cuadrado? Asesor: Cual es tu nombre? Cliente: Evelin Asesor: Yo me encargo de ponerte en contacto con un a | NOTAS: INFO GENERAL",COT,COT,CRM2,16/11/2023,Contactado,Informacion General
ETIQUETA: Email - Numero inválido | ESTADO: Contactado | NOTAS: se envio catalogo y presentacion,,INF,CRM1,31/03/2023,Contactado,Email - Numero inválido
CIUDAD: Manta | MENSAJE: la llana de borde de Rocktec esta en 15  dolares,COT,INF,WhatsApp,11/6/2024,,
"ETIQUETA: Informacion General | ESTADO: Contactado | NOTAS: Se envió información general y catálogos,180m2 micro - Guayaquil",INF,INF,CRM2,27/09/2023,Contactado,Informacion General
ETIQUETA: Email - Numero inválido | ESTADO: Nuevo | NOTAS: se envió catálogos y presentación,,INF,CRM1,14/03/2023,Nuevo,Email - Numero inválido
"ETIQUETA: Cotizacion Materiales | ESTADO: En seguimiento | NOTAS: pidio cotización sobre micro cemento para 1800m2 para unas aulas, cambiar al usuario de Dubraska",COT,COT,CRM2,02/08/2023,En seguimiento,Cotizacion Materiales
"ETIQUETA: Informacion General | ESTADO: Nuevo | CONSULTA: Asesor: Hola, estoy conectada, te puedo ayudar en algo? Cliente: Buenos días, tienen representante en Guayaquil? Asesor: Cual es tu nombre? Cliente: Fernando Rodríguez Asesor: Excelente Fernando. Yo m | NOTAS: Se contactó por medio de whatsapp",INF,INF,CRM2,10/09/2024,Nuevo,Informacion General
ETIQUETA: Informacion General | ESTADO: Contactado | CONSULTA: Cotización para 80m2 | NOTAS: se envió WhatsApp,COT,INF,CRM1,24/02/2023,Contactado,Informacion General
ETIQUETA: Informacion General | ESTADO: Contactado | NOTAS: se envió presentación y catalogas,INF,INF,CRM1,11/05/2023,Contactado,Informacion General
"ETIQUETA: Informacion General | ESTADO: Contactado | CONSULTA: Asesor: Hola, estoy conectada, te puedo ayudar en algo? Cliente: Hola, podemos contactarnos por WhatsApp? Mi número es 0997537734 necesito catálogo actualizados sobre los diseños disponibles para conc | NOTAS: Se envia mensaje al cliente y se adjunta catalogo general.",INF,INF,CRM2,12/12/2024,Contactado,Informacion General
"ETIQUETA: Informacion General | ESTADO: Contactado | CONSULTA: Asesor: Hola, estoy conectada, te puedo ayudar en algo? Cliente: Buenas tardes me gustaría ver los moldes para pared Asesor: Cual es tu nombre? Cliente: Soy Vicente Gaibor Asesor: Excelente Vicente. Y | NOTAS: MOLDES PARED",INF,INF,CRM2,16/10/2023,Contactado,Informacion General
"ETIQUETA: Informacion General | ESTADO: Contactado | NOTAS: PROSPECTO FERIA CLAVE,INF MICRO,información general, catalogo",INF,INF,CRM2,14/06/2024,Contactado,Informacion General
CIUDAD: Loja | MENSAJE: Quiero comprarlo soy de loja,VEN,VEN,WhatsApp,22/4/2026,,
"ETIQUETA: Informacion General | ESTADO: Contactado | CONSULTA: Asesor: Hola, estoy conectada, te puedo ayudar en algo? Cliente: Hola quisiera una cotización de pisos de concreto para la construcción de un terminal Asesor: Cual es tu nombre? Cliente: Ariana Asesor | NOTAS: Se envia mensaje al cliente y se adjunta catalo general de productos y catalgo de concreto estampado.",COT,INF,CRM2,06/12/2024,Contactado,Informacion General
"CIUDAD: Quito | MENSAJE: Solo limpieza diaria  del piso,",INF,INF,WhatsApp,8/4/2026,,
"ETIQUETA: Informacion General, Email inválido | ESTADO: Contactado | NOTAS: Se envió información general y catálogos",,INF,CRM2,27/09/2023,Contactado,"Informacion General, Email inválido"
ETIQUETA: Informacion General | ESTADO: Contactado | CONSULTA: Quisiera información del curso de concreto | NOTAS: INFO CURSO,CUR,CUR,CRM2,05/02/2024,Contactado,Informacion General
"ETIQUETA: Informacion General | ESTADO: Contactado | CONSULTA: Asesor: Hola, estoy conectada, te puedo ayudar en algo? Cliente: Quisiera ver opciones para un pasillo interno de un departamento Asesor: Cual es tu nombre? Cliente: Carlos Asesor: Excelente Carlos. Y | NOTAS: se envió información general y catalogo",INF,INF,CRM2,24/06/2024,Contactado,Informacion General
ETIQUETA: Email - Numero inválido | ESTADO: Nuevo | NOTAS: se envió catálogos y mail,,INF,CRM1,09/03/2023,Nuevo,Email - Numero inválido
CIUDAD: Loja | MENSAJE: Buenos días lo recomendamos para ese uso,INF,INF,WhatsApp,7/11/2024,,
"ETIQUETA: Informacion General | ESTADO: Contactado | NOTAS: CLIENTE FERIS CLAVE CUMBAYA,INF, MICRO",INF,INF,CRM2,27/06/2024,Contactado,Informacion General
ETIQUETA: Informacion General | ESTADO: Contactado | NOTAS: se envió WhatsApp de información 15/02/2023 y mail pigmentos,INF,INF,CRM1,13/02/2023,Contactado,Informacion General
"ETIQUETA: Informacion General | ESTADO: Contactado | CONSULTA: Asesor: Hola, estoy conectada, te puedo ayudar en algo? Cliente: Buenos días , quisiera saber más sobre la comercialización de su producto, ventajas y requerimientos para vender sus productos. . Aseso",INF,INF,CRM1,28/02/2023,Contactado,Informacion General
ETIQUETA: Cotización Obra | ESTADO: Contactado | NOTAS: 600 m2 ibarra micro,COT,INF,CRM2,15/09/2023,Contactado,Cotización Obra
ETIQUETA: Cotizacion Materiales | ESTADO: Contactado | NOTAS: 75 m2 microcemento,COT,COT,CRM2,27/09/2023,Contactado,Cotizacion Materiales
CIUDAD: Loja | MENSAJE: ¡Saludos a todos 🙋🏻‍♀️!,INF,INF,WhatsApp,30/6/2025,,
ETIQUETA: Cotizacion Materiales | ESTADO: Cliente Frecuente | NOTAS: caneca de sello 18%,COT,COT,CRM1,20/06/2023,Cliente Frecuente,Cotizacion Materiales
ETIQUETA: Informacion General | ESTADO: En seguimiento | NOTAS: CLIENTE CONSTRUEX,INF,SEG,CRM2,12/06/2024,En seguimiento,Informacion General
ETIQUETA: Informacion General | ESTADO: Contactado | NOTAS: se envio catalogos y presentacion jeva,INF,INF,CRM1,05/04/2023,Contactado,Informacion General
ETIQUETA: No concretada | ESTADO: Nuevo | NOTAS: se envio catalogos y presentacion y dijo que hace algún tiempo vino para un proyecto pero la atención fue tan mala que busco otra opción,INF,INF,CRM1,04/05/2023,Nuevo,No concretada
"ETIQUETA: Informacion General | ESTADO: Contactado | CONSULTA: Asesor: Hola, estoy conectada, te puedo ayudar en algo? Cliente: buenas tardes Asesor: ¿Cómo estás? Cuéntame, ¿en que te puedo servir? Cliente: cuanto me saldria realizar un piso con concreto estampad | NOTAS: C/E 200 M2 INFO PRECIO",COT,COT,CRM2,15/02/2024,Contactado,Informacion General
ETIQUETA: Informacion General | ESTADO: En seguimiento | NOTAS: se envió información y catalogo general - interesada en microcemento,INF,SEG,CRM2,10/04/2024,En seguimiento,Informacion General
ETIQUETA: Informacion General | ESTADO: Contactado | NOTAS: Se envia mensaje alñ cliente y se adjujta catalogo general de productos.,INF,INF,CRM2,07/10/2024,Contactado,Informacion General
CIUDAD: Manta | MENSAJE: Básicamente  la diferencia entre las dos lineas de producto es que la Linea Premiun esta fabricada con materia prima Alemana que la importamos directamente.,INF,INF,WhatsApp,30/6/2025,,
CIUDAD: Manta | MENSAJE: Buenas podría darme el valor del separador de juntas y el de los bordes también porfavor,COT,INF,WhatsApp,9/6/2024,,
"ETIQUETA: Informacion General | ESTADO: Contactado | CONSULTA: Asesor: Hola, estoy conectada, te puedo ayudar en algo? Cliente: Me interesa el.producto soy constructor en l ciudad de Ibarra mi número 0997860425 Asesor: Cual es tu nombre? Asesor: Sigues ahí? | NOTAS: Se envia mensaje via whatsap y se adjunta Catalogo General de productos.",INF,INF,CRM2,03/11/2024,Contactado,Informacion General
CIUDAD: Quito | MENSAJE: Que bien Jesus !!! Usted es super habil !!,INF,INF,WhatsApp,19/7/2025,,
ETIQUETA: Informacion General | ESTADO: Contactado | NOTAS: cliente construex - interesada en varios productos,INF,INF,CRM2,09/05/2024,Contactado,Informacion General
CIUDAD: Manta | MENSAJE: Buenas tardes estimada nos puede compatir los precios de los materiales porfavor,COT,COT,WhatsApp,14/5/2024,,
ETIQUETA: Aplicador | ESTADO: APLICADORES | NOTAS: CURSO QUITO FEBRERO,CUR,CUR,CRM2,27/02/2024,APLICADORES,Aplicador
ETIQUETA: Informacion General | ESTADO: Contactado,INF,INF,CRM1,06/03/2023,Contactado,Informacion General
"ETIQUETA: Informacion General | ESTADO: Contactado | NOTAS: CLIENTE FERIA CLAVE CUMBAYA, INF. MICRO",INF,INF,CRM2,20/06/2024,Contactado,Informacion General
ETIQUETA: Informacion General | ESTADO: Contactado | NOTAS: BASE DE DATOS,INF,INF,CRM1,23/03/2023,Contactado,Informacion General
CIUDAD: Quito | MENSAJE: Arq. Carlos Naranjo,INF,INF,WhatsApp,5/5/2026,,
ETIQUETA: Email - Numero inválido | ESTADO: numero no valido | NOTAS: numero incorrecto,,INF,CRM2,19/10/2023,numero no valido,Email - Numero inválido
"CIUDAD: Loja | MENSAJE: Gracias Arqui, es justo la persona que me está preguntando.",INF,INF,WhatsApp,7/11/2024,,
"ETIQUETA: Cliente Derivado provincias, Informacion General | ESTADO: Contactado | NOTAS: se envió información general y catálogos,CONCRETO ESTAMPADO EN PISOS",INF,INF,CRM2,25/09/2023,Contactado,"Cliente Derivado provincias, Informacion General"
ETIQUETA: Email inválido | ESTADO: Nuevo | CONSULTA: Quisiera información n,INF,INF,CRM2,25/10/2024,Nuevo,Email inválido
"ETIQUETA: Informacion General | ESTADO: Contactado | CONSULTA: Asesor: Hola, estoy conectada, te puedo ayudar en algo? Cliente: hola me ayuda con el precio por m2 de microcemento de pared ?? Asesor: Cual es tu nombre? Cliente: Doris Asesor: Excelente Doris. Yo me | NOTAS: INFO GENERAL",COT,COT,CRM2,15/05/2024,Contactado,Informacion General
ETIQUETA: Informacion General | ESTADO: Contactado | NOTAS: CLIENTE FERIA CLAVE CUMBAYA. INF MICRO,INF,INF,CRM2,20/06/2024,Contactado,Informacion General
"CIUDAD: Guayaquil | MENSAJE: Ok, muy agradecido, un fuerte abrazo a todo el equipo de Rocktec.🤝",INF,INF,WhatsApp,22/5/2025,,
CIUDAD: Manta | MENSAJE: GRACIAS POR LA INVITACION,INF,INF,WhatsApp,4/3/2025,,
CIUDAD: Loja | MENSAJE: De acuerdo a la normativa de la ARCSA?,INF,INF,WhatsApp,7/11/2024,,
ETIQUETA: Informacion General | ESTADO: Contactado | NOTAS: se envió catálogos y presentación JEVA,INF,INF,CRM1,15/03/2023,Contactado,Informacion General
"ETIQUETA: Informacion General, Email inválido | ESTADO: numero no valido | NOTAS: BASE DE DATOS CONSTRUEX - INTERESADO EN PRODUCTO/APLIACION",,INF,CRM2,06/03/2024,numero no valido,"Informacion General, Email inválido"
ETIQUETA: Informacion General | ESTADO: Contactado | NOTAS: Se envía información general y catálogos,INF,INF,CRM2,05/09/2023,Contactado,Informacion General
"ETIQUETA: Informacion General | ESTADO: Contactado | NOTAS: Se le envió información general y catálogos,quisiera poner concreto estampado en el patio de su casa para arrendar, no llega a los 50m2 se le facilito el numero de los maestros para que le ayuden",INF,INF,CRM2,16/08/2023,Contactado,Informacion General
"CIUDAD: Guayaquil | MENSAJE: Buenos días Estimados: ok, estaré atento a su comunicaciones, un fuerte abrazo a todos, gracias 🤝",INF,INF,WhatsApp,22/5/2025,,
ETIQUETA: Informacion General | ESTADO: Contactado | CONSULTA: Concreto estampado el precio | NOTAS: Se adjunta catálogo SJ,COT,COT,CRM1,14/03/2023,Contactado,Informacion General
"ETIQUETA: Info sobre microcemento | ESTADO: Contactado | CONSULTA: Asesor: Hola, estoy conectada, te puedo ayudar en algo? Cliente: Hola, buenos días. Quisiera saber si puedo aplicar microcemento sobre una pared de baño que tiene baldosa? Para darle un nuevo diseño A | NOTAS: SE ENVIÓ INFO SOBRE MICROCEMENTO POR WHATSAPP, INTERESADA EN MICRO PARA BAÑO SOBRE CERÁMICA",TEC,INF,CRM2,28/08/2024,Contactado,Info sobre microcemento
"ETIQUETA: Informacion General | ESTADO: Contactado | CONSULTA: Asesor: Hola, estoy conectada, te puedo ayudar en algo? Cliente: Hola buenos días necesito consultar a cómo está el metro de concreto estampado gracias Asesor: Cual es tu nombre? Cliente: Martha Aseso | NOTAS: se envió información sobre concreto estampado, se le derivo con los maestros",INF,INF,CRM2,26/06/2024,Contactado,Informacion General
ETIQUETA: Informacion General | ESTADO: Contactado | NOTAS: se envía información y catalogo general,INF,INF,CRM2,11/12/2023,Contactado,Informacion General
ETIQUETA: Cotizacion Materiales | ESTADO: Contactado | NOTAS: 50 M2 C/E,COT,COT,CRM1,14/07/2023,Contactado,Cotizacion Materiales
CIUDAD: Guayaquil | MENSAJE: Buenos días por favor tal vez algún aplicador en Los Ríos (Buena fé)??,INF,INF,WhatsApp,8/10/2025,,
"ETIQUETA: Informacion General | ESTADO: En seguimiento | NOTAS: CLIEENTE INTERESADO EN LIMPIADORES INSDUSTRIALRD, CLIENTE COSNTRUEX",INF,SEG,CRM2,01/05/2024,En seguimiento,Informacion General
"ETIQUETA: Informacion General | ESTADO: Contactado | NOTAS: CLIENTE FERIA CLAVE CUMBAYA, INF.C/E",INF,INF,CRM2,20/06/2024,Contactado,Informacion General
"ETIQUETA: Informacion General | ESTADO: Contactado | CONSULTA: Asesor: Hola, estoy conectada, te puedo ayudar en algo? Cliente: Buenos dias. Asesor: ¿Cómo estás? Cuéntame, ¿en que te puedo servir? Asesor: Cliente: Tienen uds visitas a domicilio para ra evaluar lo | NOTAS: Se envió información general y catálogos, se encuentra en Guayaquil",INF,INF,CRM2,04/10/2023,Contactado,Informacion General
"ETIQUETA: Informacion General | ESTADO: Contactado | CONSULTA: Asesor: Hola, estoy conectada, te puedo ayudar en algo? Cliente: BUENAS TARDES Asesor: ¿Cómo estás? Cuéntame, ¿en que te puedo servir? Cliente: ME GUSTARIA COTIZAR MICROCEMENTO PARA UN PISO DE 77M2 PA | NOTAS: se envió información general y catálogos dese información de microcemento",COT,INF,CRM2,20/11/2023,Contactado,Informacion General
"ETIQUETA: Informacion General | ESTADO: Contactado | CONSULTA: Asesor: Hola, estoy conectada, te puedo ayudar en algo? Cliente: Buen día Asesor: ¿Cómo estás? Cuéntame, ¿en que te puedo servir? Cliente: Necesito herramienta Asesor: Cual es tu nombre? Cliente: Norm",INF,INF,CRM1,19/05/2023,Contactado,Informacion General
CIUDAD: Quito | MENSAJE: ‎IMG-20260512-WA0022.jpg (archivo adjunto),,INF,WhatsApp,12/5/2026,,
CIUDAD: Loja | MENSAJE: ‎PTT-20241114-WA0009.opus (archivo adjunto),,INF,WhatsApp,14/11/2024,,
ETIQUETA: No concretada | ESTADO: Cliente/competencia | NOTAS: personal de oficina,INF,INF,CRM2,13/11/2023,Cliente/competencia,No concretada
"ETIQUETA: Informacion General | ESTADO: Contactado | CONSULTA: Asesor: Hola, estoy conectada, te puedo ayudar en algo? Cliente: Buenos días, quisiera saber el costo del m2 de microcemento para piso. Asesor: Cual es tu nombre? Cliente: Mi nombre es Ricardo Rojas A | NOTAS: se envío información general, por temas de costos no desea colocar nuestro material",COT,COT,CRM2,07/06/2024,Contactado,Informacion General
CIUDAD: Cuenca | MENSAJE: Buenas noches por favor me pueden confirmar nuevamente con es te documento,INF,INF,WhatsApp,15/1/2026,,
"ETIQUETA: Cotizacion Materiales, Asesoramiento Tecnico | ESTADO: Venta ganada | CONSULTA: Asesor: Hola, estoy conectada, te puedo ayudar en algo? Cliente: Qué precio tiene el m2 de microcemento en paredes Asesor: Cual es tu nombre? Cliente: José Enrique Alvarado Asesor: Excelente Jose. Yo  | NOTAS: MICRO 167 m2 PAREDES BABAHOYO",VEN,COT,CRM2,11/12/2023,Venta ganada,"Cotizacion Materiales, Asesoramiento Tecnico"
"ETIQUETA: Informacion General, Email inválido | ESTADO: En seguimiento | NOTAS: CLIENTE CONSTRUEX,se envio informacion y catalogo general",,SEG,CRM2,27/05/2024,En seguimiento,"Informacion General, Email inválido"
CIUDAD: Manta | MENSAJE: ‎IMG-20260402-WA0015.jpg (archivo adjunto),,INF,WhatsApp,2/4/2026,,
CIUDAD: Guayaquil | MENSAJE: Levanten la mano los artistas que están disponibles 👋,INF,INF,WhatsApp,27/8/2025,,
ETIQUETA: Informacion General | ESTADO: Contactado | NOTAS: SE ENVIO CATALOGOS Y PRESENTACIONES JEVA,INF,INF,CRM1,11/04/2023,Contactado,Informacion General
"ETIQUETA: Informacion General | ESTADO: Contactado | NOTAS: numero repetido base de datos,información curso LOJA",CUR,CUR,CRM2,09/11/2023,Contactado,Informacion General
"ETIQUETA: Informacion General | ESTADO: Contactado | CONSULTA: Asesor: Hola, estoy conectada, te puedo ayudar en algo? Cliente: Hola cuanto cuesta el m2 de este cemento? Asesor: Cual es tu nombre? Cliente: Tengo un garage de cemento cuarteado de unos 30 m2 Asesor | NOTAS: se le envio cotizacion por m2 de concreto estampado le parecio caro va a consultar",COT,COT,CRM1,29/05/2023,Contactado,Informacion General
"ETIQUETA: Cotización Obra, Informacion General | ESTADO: Contactado | NOTAS: 185 M2 SIMULACION PLACAS CONCRETO",COT,INF,CRM2,27/10/2023,Contactado,"Cotización Obra, Informacion General"
ETIQUETA: Desuscripto | ESTADO: Nuevo | NOTAS: SE ENVIO CATALOGOS Y PRESENTACION,INF,INF,CRM1,06/03/2023,Nuevo,Desuscripto
"ETIQUETA: Informacion General | ESTADO: Contactado | NOTAS: jeva,se envió catálogos y presentación jeva",INF,INF,CRM1,06/04/2023,Contactado,Informacion General
"ETIQUETA: Cotización Obra, Informacion General, Seguimiento de presentacion | ESTADO: En seguimiento | NOTAS: 570 m2 desea arreglar un piso masillado rustico",COT,SEG,CRM1,05/06/2023,En seguimiento,"Cotización Obra, Informacion General, Seguimiento "
CIUDAD: Quito | MENSAJE: Que bien maestroooo y solito !!!!,INF,INF,WhatsApp,13/5/2025,,
"ETIQUETA: Cotizacion Materiales, Informacion General | ESTADO: En seguimiento | CONSULTA: Asesor: Hola, estoy conectada, te puedo ayudar en algo? Cliente: Quería saber el costo or metro cuadrado de hormigón estampado Asesor: Cual es tu nombre? Cliente: Arq. Marcelo Nava Barrón Asesor: Exce | NOTAS: Se adjunto catalogo general y cotizacion de productos solicitados.",COT,COT,CRM2,08/07/2024,En seguimiento,"Cotizacion Materiales, Informacion General"
CIUDAD: Loja | MENSAJE: Los de venta tenemos de 12 a 15 dias de entrega,INF,INF,WhatsApp,22/4/2026,,
ETIQUETA: Cotización Obra | ESTADO: Contactado | NOTAS: se le envió documentos para inscripción para ser proveedores,COT,INF,CRM1,11/05/2023,Contactado,Cotización Obra
CIUDAD: Quito | MENSAJE: Les voy a compartir  algunos videos de este tipo de pisos,INF,INF,WhatsApp,2/7/2025,,
ETIQUETA: Email - Numero inválido | ESTADO: Nuevo | NOTAS: BASE DE DATOS,,INF,CRM1,23/03/2023,Nuevo,Email - Numero inválido
CIUDAD: Loja | MENSAJE: Un precio referencial con mano de obra,COT,COT,WhatsApp,6/1/2025,,
"ETIQUETA: Info sobre microcemento | ESTADO: Contactado | CONSULTA: Para envío a Santo Domingo | NOTAS: Se envia mensaje al cliente, necesita Microcemento.",INF,INF,CRM2,07/12/2024,Contactado,Info sobre microcemento
"ETIQUETA: Informacion General | ESTADO: En seguimiento | NOTAS: CLIENTE COSNTRUEX . INF, ADITIVO LIGANTE",TEC,SEG,CRM2,01/07/2024,En seguimiento,Informacion General
ETIQUETA: Informacion General | ESTADO: Contactado | NOTAS: INFO ACIDOS,INF,INF,CRM2,28/08/2023,Contactado,Informacion General
"ETIQUETA: Cotizacion Materiales, No concretada, Informacion General | ESTADO: Venta Perdida | NOTAS: Materiales Micro / esta muy caro 20 dolares x metro",COT,COT,CRM2,23/01/2024,Venta Perdida,"Cotizacion Materiales, No concretada, Informacion "
ETIQUETA: Email inválido | ESTADO: Nuevo | NOTAS: BASE CLIENTE/FERRETERIA,,INF,CRM2,13/05/2024,Nuevo,Email inválido
ETIQUETA: Informacion General | ESTADO: Contactado | NOTAS: MICROCEMENTO MESON 5M,INF,INF,CRM2,29/08/2023,Contactado,Informacion General
"ETIQUETA: Informacion General | ESTADO: Contactado | CONSULTA: Asesor: Hola, estoy conectada, te puedo ayudar en algo? Cliente: Buenos días, por favor me puede ayudar con información y catalogo de productos Asesor: Cual es tu nombre? Cliente: Haifa Khamis Asesor: | NOTAS: Se envió información y catalogo general",INF,INF,CRM2,03/04/2024,Contactado,Informacion General
"ETIQUETA: No concretada | ESTADO: Contactado | CONSULTA: Muy buenos tardes, mi nombre es Santiago Lema deseo formar parte de la empresa se adjunta mi hoja de vida por favor, esperando ser parte del equipo de trabajo que tenga un excelente tarde, muchas grac | NOTAS: envio hoja de vida para trabajo",INF,INF,CRM1,07/03/2023,Contactado,No concretada
"ETIQUETA: Cotizacion Materiales, Venta ganada | ESTADO: Contactado",VEN,COT,CRM1,29/05/2023,Contactado,"Cotizacion Materiales, Venta ganada"
ETIQUETA: Venta ganada | ESTADO: Venta ganada | NOTAS: MATERIALES,VEN,INF,CRM1,22/06/2023,Venta ganada,Venta ganada
"ETIQUETA: Informacion General | ESTADO: Contactado | CONSULTA: Asesor: Hola, estoy conectada, te puedo ayudar en algo? Cliente: Hola tengo una propiedad que remodelar microcemento en cumbayá graciaso0 Asesor: Cual es tu nombre? Cliente: Elizabeth arias Asesor: Ex | NOTAS: se le envió información general y catálogos",INF,INF,CRM2,19/08/2023,Contactado,Informacion General
ETIQUETA: Email - Numero inválido | ESTADO: Nuevo | NOTAS: se envio presentacion y catalogos agendas,,INF,CRM1,28/03/2023,Nuevo,Email - Numero inválido
"ETIQUETA: Informacion General, Seguimiento de presentacion | ESTADO: Contactado",SEG,SEG,CRM1,07/06/2023,Contactado,"Informacion General, Seguimiento de presentacion"
ETIQUETA: Informacion General | ESTADO: Contactado | NOTAS: se envio presentacion y catalogos JEVA,INF,INF,CRM1,11/04/2023,Contactado,Informacion General
"ETIQUETA: Informacion General | ESTADO: Contactado | CONSULTA: Asesor: Hola, estoy conectada, te puedo ayudar en algo? Cliente: Hola buenas noches Asesor: Cual es tu nombre? Cliente: Rosangela Asesor: Excelente Rosangela. Yo me encargo de ponerte en contacto con  | NOTAS: se envio catalogos y presentacion",INF,INF,CRM1,08/05/2023,Contactado,Informacion General
ETIQUETA: Informacion General | ESTADO: Contactado | NOTAS: CLIENTE FERIA CLAVE CUMBAYA,INF,INF,CRM2,19/06/2024,Contactado,Informacion General
ETIQUETA: Informacion General | ESTADO: Contactado | NOTAS: se envio catálogos y presentación,INF,INF,CRM1,08/05/2023,Contactado,Informacion General
ETIQUETA: Informacion General | ESTADO: Contactado | NOTAS: info del curso futuro,CUR,CUR,CRM1,22/05/2023,Contactado,Informacion General
"ETIQUETA: Informacion General | ESTADO: Contactado | CONSULTA: Asesor: Hola, estoy conectada, te puedo ayudar en algo? Cliente: buenas tardes quiciera saber precio de molde MT-05 Asesor: Cual es tu nombre? Cliente: SERGIO , NECESITO SABER DISPONIBILIDAD EN STOCK  | NOTAS: INFO MOLDES",COT,COT,CRM2,18/03/2024,Contactado,Informacion General
"ETIQUETA: Informacion General | ESTADO: Contactado | NOTAS: ARQUITECTOS, se envía información general y catálogo",INF,INF,CRM2,29/05/2024,Contactado,Informacion General
ETIQUETA: Informacion General | ESTADO: Contactado | NOTAS: se le envió precio del eco color,COT,COT,CRM1,06/04/2023,Contactado,Informacion General
CIUDAD: Quito | MENSAJE: Me podrían ayudar con esa información por favor,INF,INF,WhatsApp,29/3/2026,,
ETIQUETA: Informacion General | ESTADO: Contactado | NOTAS: Se le envío información general y catálogos,INF,INF,CRM2,15/08/2023,Contactado,Informacion General
ETIQUETA: Envio masivo whasapp | ESTADO: Contactado | NOTAS: se envió WhatsApp con información y números de contacto,INF,INF,CRM1,22/02/2023,Contactado,Envio masivo whasapp
CIUDAD: Quito | MENSAJE: Asi aporta a que la transición  de los dos pisos se vea muy bien y se cubre  el desnivel,INF,INF,WhatsApp,26/3/2025,,
"ETIQUETA: Informacion General | ESTADO: Contactado | CONSULTA: Asesor: Hola, estoy conectada, te puedo ayudar en algo? Cliente: Buenos días me gustaría saber el precio por m2 de recubrimiento de suelo en microcemento Asesor: Cual es tu nombre? Asesor: Cliente: Ma | NOTAS: INFO MICRO PRECIO X M2",COT,COT,CRM2,06/03/2024,Contactado,Informacion General
"ETIQUETA: Informacion General | ESTADO: Contactado | NOTAS: CLIENTE FERIA CLAVE CUMBAYA INF, C/E PARA UNA FACHADA",INF,INF,CRM2,20/06/2024,Contactado,Informacion General
CIUDAD: Guayaquil | MENSAJE: Si es la misma para todos los sólidos 👍🏻,INF,INF,WhatsApp,26/8/2025,,
CIUDAD: Loja | MENSAJE: La piedra chispa es piedra 3/4 o triturada?,INF,INF,WhatsApp,18/12/2024,,
ETIQUETA: Informacion General | ESTADO: Contactado | NOTAS: información curso LOJA BASE DE DATOS,CUR,CUR,CRM2,09/11/2023,Contactado,Informacion General
"ETIQUETA: Cotizacion Materiales, Email inválido | ESTADO: Contactado | NOTAS: 50 m2 c/e guayquil solo materiales",,COT,CRM2,06/03/2024,Contactado,"Cotizacion Materiales, Email inválido"
CIUDAD: Manta | MENSAJE: Con quién cordino para hacer las proformas. Buenas tardes gracias por agregarme,COT,COT,WhatsApp,25/4/2024,,
"ETIQUETA: Asesoramiento Tecnico | ESTADO: Contactado | CONSULTA: Asesor: Hola, estoy conectada, te puedo ayudar en algo? Cliente: Saludos. Tengo un piso hecho por ustedes. Pero un maestro albañil trabajo sobre y me lo dejo manchado. En 2 partes. Pueden restaurar el | NOTAS: DAÑO DE UN PISO",TEC,INF,CRM2,05/12/2023,Contactado,Asesoramiento Tecnico
"ETIQUETA: Informacion General | ESTADO: Contactado | NOTAS: Se le envió información general y catálogos,Esta interesado en ser distribuidor de Rocktec en Guayaquil",INF,INF,CRM2,17/08/2023,Contactado,Informacion General
CIUDAD: Quito | MENSAJE: Mi estimado buenas noches eso es un concreto pulido,INF,INF,WhatsApp,12/5/2026,,
CIUDAD: Cuenca | MENSAJE: El Cidap tiene parqueadero privado 👍🏻 pueden venir en sus autos,INF,INF,WhatsApp,21/11/2025,,
CIUDAD: Quito | MENSAJE: Son otras aplicaciones,INF,TEC,WhatsApp,29/11/2025,,
ETIQUETA: Informacion General | ESTADO: numero no valido | NOTAS: BASE DE DATOS CONSTRUEX - INTERESADO EN PRODUCTO/APLIACION,,INF,CRM2,06/03/2024,numero no valido,Informacion General
ETIQUETA: Seguimiento de presentacion | ESTADO: Contactado,SEG,SEG,CRM1,22/05/2023,Contactado,Seguimiento de presentacion
ETIQUETA: Informacion General | ESTADO: Contactado | NOTAS: MICRO PAREDES 300M2,INF,INF,CRM2,27/10/2023,Contactado,Informacion General
ETIQUETA: Informacion General | ESTADO: Contactado | NOTAS: se envio catalogos y presentacion agendas,INF,INF,CRM1,28/03/2023,Contactado,Informacion General
"ETIQUETA: Informacion General | ESTADO: Contactado | CONSULTA: Asesor: Hola, estoy conectada, te puedo ayudar en algo? Cliente: Necesito pigmentos para hormigón y morteros Asesor: Cual es tu nombre? Cliente: Cesar Asesor: Excelente Cesar. Yo me encargo de ponerte | NOTAS: Se envia mensaje al cliente y se adjunta catalogo general de productos, cliente solicita información de pigmentos de igual mane",INF,INF,CRM2,13/12/2024,Contactado,Informacion General
"ETIQUETA: Informacion General | ESTADO: Contactado | NOTAS: ARQUITECTOS, Se envía información general y catálogo.SJ",INF,INF,CRM2,29/05/2024,Contactado,Informacion General
ETIQUETA: Informacion General | ESTADO: Contactado | NOTAS: se envió catalogo y presentación se envió información del curso,CUR,CUR,CRM1,26/04/2023,Contactado,Informacion General
ETIQUETA: Informacion General | ESTADO: Contactado | CONSULTA: Favor podrían comunicárse. Gracias | NOTAS: YA SE LE ENVIO PRESENTACION Y CATALOGOS,INF,INF,CRM1,05/05/2023,Contactado,Informacion General
"ETIQUETA: Cliente Derivado provincias, Informacion General | ESTADO: Contactado | NOTAS: 130 M2 C/E GYE",INF,INF,CRM2,28/07/2023,Contactado,"Cliente Derivado provincias, Informacion General"
"ETIQUETA: Cotizacion Materiales | ESTADO: Contactado | NOTAS: SE ENVIO CATALOGOS Y PRESENTACION,COTIZACION 100 M2 MATERIALES,COTIZACION 60 M2 MATERIALES C.E",COT,COT,CRM1,03/05/2023,Contactado,Cotizacion Materiales
ETIQUETA: Informacion General | ESTADO: Contactado | NOTAS: se envió información curso Loja,CUR,CUR,CRM2,09/11/2023,Contactado,Informacion General
"ETIQUETA: Informacion General | ESTADO: Contactado | CONSULTA: Asesor: Hola, estoy conectada, te puedo ayudar en algo? Cliente: Buenos días disculpe tiene pigmento Asesor: Cual es tu nombre? Cliente: Mónica Negrete Asesor: Excelente Monica. Yo me encargo de poner | NOTAS: Se envia mensaje al cliente esta interesado en Pigmento se adjunto Catalogo.",INF,INF,CRM2,18/10/2024,Contactado,Informacion General
ETIQUETA: Informacion General | ESTADO: Contactado | NOTAS: INFORMACION CURSO LOJA,CUR,CUR,CRM2,09/11/2023,Contactado,Informacion General
"ETIQUETA: Cotización Obra, Informacion General | ESTADO: Contactado | NOTAS: 70 m2 micro",COT,INF,CRM1,19/06/2023,Contactado,"Cotización Obra, Informacion General"
CIUDAD: Cuenca | MENSAJE: ‎IMG-20240528-WA0015.jpg (archivo adjunto),,INF,WhatsApp,24/11/2025,,
ETIQUETA: Cotización Obra | ESTADO: Contactado | NOTAS: se envio cotización por 90m2,COT,INF,CRM1,17/02/2023,Contactado,Cotización Obra
ETIQUETA: Informacion General | ESTADO: Contactado | NOTAS: INFO ACIDO,INF,INF,CRM1,14/06/2023,Contactado,Informacion General
ETIQUETA: Informacion General | ESTADO: Contactado | NOTAS: está interesado en comprar moldes,INF,VEN,CRM2,22/08/2023,Contactado,Informacion General
"ETIQUETA: Informacion General | ESTADO: Contactado | CONSULTA: Asesor: Hola, estoy conectada, te puedo ayudar en algo? Cliente: Hola , necesito oxidar un piso de hormigon Asesor: Cual es tu nombre? Cliente: David Asesor: Excelente David. Yo me encargo de ponerte ",INF,INF,CRM1,05/07/2023,Contactado,Informacion General
"ETIQUETA: Informacion General | ESTADO: Contactado | NOTAS: CONSTRUCTORA,se envio infoamacion y catalogo general",INF,INF,CRM2,29/05/2024,Contactado,Informacion General
"ETIQUETA: Informacion General | ESTADO: Contactado | CONSULTA: Asesor: Hola, estoy conectada, te puedo ayudar en algo? Cliente: buenas tardes le saluda Eduardo Salazar me puede ayudar con informacion sobre el costo de los productos para realizar hormigon estanpad | NOTAS: se le envió información de concreto estampado",COT,COT,CRM1,13/07/2023,Contactado,Informacion General
ETIQUETA: Email - Numero inválido | ESTADO: numero no valido | NOTAS: NUMERO INVALIDO,,INF,CRM2,11/10/2023,numero no valido,Email - Numero inválido
CIUDAD: Quito | MENSAJE: ‎IMG-20250531-WA0007.jpg (archivo adjunto),,INF,WhatsApp,31/5/2025,,
CIUDAD: Guayaquil | MENSAJE: ‎STK-20251014-WA0005.webp (archivo adjunto),,INF,WhatsApp,14/10/2025,,
CIUDAD: Quito | MENSAJE: Muy buenas tardes por favor requiero de un maestro aplicador en Latacunga o Saquisili por favor ?,INF,INF,WhatsApp,5/5/2026,,
"ETIQUETA: Informacion General | ESTADO: Contactado | CONSULTA: Asesor: Hola, estoy conectada, te puedo ayudar en algo? Cliente: Buena tarde soy Felipe Asesor: Excelente Felipe. Yo me encargo de ponerte en contacto con un asesor especializado para que te responda  | NOTAS: Se envió información general y catálogos",INF,INF,CRM2,30/06/2024,Contactado,Informacion General
"ETIQUETA: Cotizacion Materiales, Informacion General, Email inválido | ESTADO: Cliente Frecuente | NOTAS: 30 M2 C/E",,COT,CRM1,10/07/2023,Cliente Frecuente,"Cotizacion Materiales, Informacion General, Email "
ETIQUETA: Email inválido | ESTADO: numero no valido,,INF,CRM1,09/03/2023,Nuevo,Email inválido
CIUDAD: Guayaquil | MENSAJE: Ok muchas gracias,INF,INF,WhatsApp,22/5/2025,,
ETIQUETA: Email - Numero inválido | ESTADO: numero no valido,,INF,CRM1,17/07/2023,numero no valido,Email - Numero inválido
CIUDAD: Quito | MENSAJE: Con microcemento que este un poco espeso como la consistencia  del estuco,INF,INF,WhatsApp,1/12/2025,,
ETIQUETA: Informacion General | ESTADO: Contactado | NOTAS: cotización materiales en Riobamba concreto estampado,COT,INF,CRM1,06/06/2023,Contactado,Informacion General
ETIQUETA: Informacion General | ESTADO: En seguimiento | NOTAS: CLIENTE INTERESADO EN COLOCAR CONCRETO ESTAMPADO EN UNA PISCINA - CLIENTE CONSTRUEX,INF,SEG,CRM2,04/04/2024,En seguimiento,Informacion General
CIUDAD: Quito | MENSAJE: Buenos días nesesito un litro de sellador de microcemento y un litro de componente para mezclar el microcemento por favor,INF,INF,WhatsApp,10/2/2026,,
ETIQUETA: Cotización Obra | ESTADO: Contactado | NOTAS: 45 M2 PLACAS DE CONCRETO VISTO,COT,INF,CRM2,16/08/2023,Contactado,Cotización Obra
ETIQUETA: Envio masivo whasapp | ESTADO: Contactado | NOTAS: Se envió WhatsApp y catálogos,INF,INF,CRM1,09/03/2023,Contactado,Envio masivo whasapp
ETIQUETA: Email inválido | ESTADO: Contactado,,INF,CRM1,13/06/2023,Contactado,Email inválido
"ETIQUETA: Informacion General | ESTADO: Contactado | CONSULTA: Buenas tardes, por favor su ayuda con una cotizacion para un pequeño espacio de 6 metros cuadrados | NOTAS: se le envió información y precio de microcemento",COT,COT,CRM1,24/05/2023,Contactado,Informacion General
ETIQUETA: Informacion General | ESTADO: Contactado | NOTAS: Información curso LOJA BASE DE DATOS,CUR,CUR,CRM2,09/11/2023,Contactado,Informacion General
ETIQUETA: Informacion General | ESTADO: Contactado | CONSULTA: Información sobre el producto y como se aplica | NOTAS: SE ENVIO CATALOGO GENERAL -MICROCEMENTO,TEC,TEC,CRM2,19/06/2024,Contactado,Informacion General
ETIQUETA: Cotizacion Materiales | ESTADO: Contactado | NOTAS: se le cotizo 6 galones de sello poliuretano,COT,COT,CRM1,06/06/2023,Contactado,Cotizacion Materiales
"ETIQUETA: Cotización Obra, Informacion General | ESTADO: En seguimiento | CONSULTA: Asesor: Hola, estoy conectada, te puedo ayudar en algo? Cliente: HOLA MARINA BUENAS TARDES. TE SALUDA EL ARQ PATRICIO ESPINOSA DEL GAD DE LATACUNGA Asesor: Excelente Patricio. Yo me encargo de ponerte | NOTAS: cotizar 1000m2 de concreto estampado para Latacunga,están revisando la cotización,se realizo una cotizació",COT,SEG,CRM1,23/06/2023,En seguimiento,"Cotización Obra, Informacion General"
ETIQUETA: Informacion General | ESTADO: Contactado | CONSULTA: Quisiera saber el precio del hormigon estampado y el proceso | NOTAS: INFO GENERAL,COT,COT,CRM2,01/12/2023,Contactado,Informacion General
ETIQUETA: Informacion General | ESTADO: Contactado | CONSULTA: ME PODRIA AYUDAR CON LAS ESTAMPAS PARA CONCRETO | NOTAS: info c estampado,INF,INF,CRM2,02/05/2024,Contactado,Informacion General
ETIQUETA: Informacion General | ESTADO: Contactado | CONSULTA: necesito una cotizacion de 25m2 de concreto pulido,COT,COT,CRM2,12/06/2024,Contactado,Informacion General
ETIQUETA: Informacion General | ESTADO: Contactado | NOTAS: se envió información curso LOJA,CUR,CUR,CRM2,09/11/2023,Contactado,Informacion General
"ETIQUETA: Informacion General, Seguimiento de presentacion | ESTADO: En seguimiento | NOTAS: moldes",SEG,SEG,CRM1,08/06/2023,En seguimiento,"Informacion General, Seguimiento de presentacion"
ETIQUETA: Informacion General | ESTADO: Contactado | CONSULTA: Me puede enviar la información y precio de una caneca para sellador de hormigón y su rendimiento. | NOTAS: Se envia mensaje al cliente y se adjunta catalogo general de productos.,COT,COT,CRM2,01/12/2024,Contactado,Informacion General
"ETIQUETA: Cotización Obra, Informacion General | ESTADO: En seguimiento | NOTAS: 216 m2 en Sangolquí obra microcemento",COT,SEG,CRM1,23/05/2023,En seguimiento,"Cotización Obra, Informacion General"
CIUDAD: Quito | MENSAJE: Porfavor en  qué ciudad  sería esta aplicación,INF,INF,WhatsApp,29/11/2025,,
CIUDAD: Quito | MENSAJE: Material es Morthero Gris claro,INF,INF,WhatsApp,19/6/2025,,
CIUDAD: Cuenca | MENSAJE: Desmoldante en polvo,INF,INF,WhatsApp,24/11/2025,,
"ETIQUETA: Informacion General | ESTADO: Contactado | CONSULTA: Asesor: Hola, estoy conectada, te puedo ayudar en algo? Cliente: Buenas tardes Asesor: ¿Cómo estás? Cuéntame, ¿en que te puedo servir? Cliente: Quisiera saber si tienen pigmentos para cemento y colore | NOTAS: se le envió información general, se adjunta catálogo SJ",INF,INF,CRM1,17/05/2023,Contactado,Informacion General
"CIUDAD: Cuenca | MENSAJE: Gracias por sus mensajes de explicar los precios, nosotros estamos muy seguros de q los vamos a húsar nuestro proyecto, y estoy muy interesado en un quip para las muestras..",COT,COT,WhatsApp,24/11/2025,,
CIUDAD: Loja | MENSAJE: Necesitas rl precio de los materiales ?,COT,COT,WhatsApp,6/1/2025,,
ETIQUETA: Email - Numero inválido | ESTADO: En seguimiento,,SEG,CRM2,10/04/2024,En seguimiento,Email - Numero inválido
ETIQUETA: Cotizacion Materiales | ESTADO: Contactado | NOTAS: COTIZACION 55 M2 MICRO PISO,COT,COT,CRM2,12/04/2024,Contactado,Cotizacion Materiales
ETIQUETA: Desuscripto | ESTADO: Nuevo,INF,INF,CRM1,06/03/2023,Nuevo,Desuscripto
CIUDAD: Quito | MENSAJE: No duden en realizar sus preguntas sobre la aplicación de nuestros productos....,INF,INF,WhatsApp,17/2/2025,,
"ETIQUETA: Informacion General | ESTADO: Contactado | CONSULTA: Asesor: Hola, estoy conectada, te puedo ayudar en algo? Cliente: Hola Mariana, por favor tu ayudar con una cotización para el recubrimiento con microcemento en pareces y piso de cerámica en un baño. T",COT,INF,CRM1,29/05/2023,Contactado,Informacion General
"ETIQUETA: Cliente Derivado provincias, Informacion General | ESTADO: Contactado | NOTAS: C/E bucay DERIVADO 45 m2",INF,INF,CRM1,12/06/2023,Contactado,"Cliente Derivado provincias, Informacion General"
ETIQUETA: Sugerencias o Quejas | ESTADO: Contactado | NOTAS: Ambato - Aplicadora Paulina Andrade - Mal aplicacion menciona cliente,QUE,TEC,CRM1,15/05/2023,Contactado,Sugerencias o Quejas
"CIUDAD: Quito | MENSAJE: VGPH+P67, Quito 170144, Ecuador",INF,INF,WhatsApp,14/7/2025,,
ETIQUETA: Cotización Obra | ESTADO: Contactado | NOTAS: COTIZACION 60 M2 CE PISO GUAYABAMBA,COT,COT,CRM2,01/04/2024,Contactado,Cotización Obra
ETIQUETA: Informacion General | ESTADO: Contactado | NOTAS: desea concreto estampado aprox 50m2 regresa hoy con su maestro,INF,INF,CRM1,30/05/2023,Contactado,Informacion General
CIUDAD: Quito | MENSAJE: Más adelante se les hará llegar todos nuestros catálogos y la lista de precios actualizados obviamente con los descuentos para nuestros aplicadores,COT,COT,WhatsApp,21/5/2025,,
CIUDAD: Loja | MENSAJE: ‎IMG-20241126-WA0009.jpg (archivo adjunto),,INF,WhatsApp,26/11/2024,,
ETIQUETA: Email - Numero inválido | ESTADO: Contactado | NOTAS: se envío catálogos y presentación,,INF,CRM1,27/03/2023,Contactado,Email - Numero inválido
"ETIQUETA: Envio masivo whasapp | ESTADO: Contactado | CONSULTA: Asesor: Hola, estoy conectada, te puedo ayudar en algo? Cliente: Hola Asesor: Como estás? Contame, qué estabas buscando? Cliente: por favor me pueden llamar al 0999377172? Asesor: Cual es tu nombre? C | NOTAS: Se envió WhatsApp masivo,se envió presentación",INF,INF,CRM1,19/02/2023,Contactado,Envio masivo whasapp
"ETIQUETA: Informacion General | ESTADO: Contactado | CONSULTA: Asesor: Hola, estoy conectada, te puedo ayudar en algo? Cliente: Hola Marina, necesito unos moldes para hacer una pared con mortero que parezca roca natural Asesor: Cual es tu nombre? Cliente: tienen  | NOTAS: INFO CONCRETO ESTAMPADO",INF,INF,CRM2,17/11/2023,Contactado,Informacion General
ETIQUETA: Informacion General | ESTADO: Contactado | NOTAS: C/E Y MOLDES,INF,INF,CRM1,09/06/2023,Contactado,Informacion General
CIUDAD: Manta | MENSAJE: ‎IMG-20240611-WA0010.jpg (archivo adjunto),,INF,WhatsApp,11/6/2024,,
ETIQUETA: Informacion General | ESTADO: En seguimiento | NOTAS: CLIENTE CONSTRUEX. INF ADITIVO LIGANTE,TEC,SEG,CRM2,01/07/2024,En seguimiento,Informacion General
ETIQUETA: Email inválido | ESTADO: Contactado | NOTAS: SE ENVIO MENSAJE DE SOLICITUD DE MAESTROS se envió encuesta del curso,CUR,CUR,CRM2,24/07/2023,Contactado,Email inválido
"ETIQUETA: Informacion General | ESTADO: Contactado | CONSULTA: Asesor: Hola, estoy conectada, te puedo ayudar en algo? Cliente: Buenas tardes necesito hacer una superficie de Micro cemento. Es el tratamiento superficial final no se colocará ningún acabado adicion | NOTAS: Se adjunta catalogo de Microcemento.",INF,INF,CRM2,07/10/2024,Contactado,Informacion General
"ETIQUETA: Informacion General | ESTADO: Contactado | NOTAS: se envió información general y catálogos,base de datos",INF,INF,CRM2,05/09/2023,Contactado,Informacion General
ETIQUETA: Desuscripto | ESTADO: Contactado | CONSULTA: Hola Rocktec! Te escribo desde el Departamento de Prensa y hemos visto tu negocio como una excelente oportunidad para ser destacado en noticias. Al ser presentado en más de 60 periódicos digitales de  | NOTAS: publicidad de periodico digital,INF,INF,CRM2,07/05/2024,Contactado,Desuscripto
"CIUDAD: Manta | MENSAJE: Buenas tardes,Muchas gracias",INF,INF,WhatsApp,27/5/2024,,
"ETIQUETA: Informacion General | ESTADO: Contactado | CONSULTA: Hola, me interesa el pigmento rojo para el hormigón? En que presentaciónes vienen y cuál es el precio? Tal vez tienen algún distribuidor en Cuenca? | NOTAS: Se envió mensaje al cliente adjunto catalogo del producto interesado Pigmentos.",COT,COT,CRM2,22/10/2024,Contactado,Informacion General
ETIQUETA: Informacion General | ESTADO: Contactado | NOTAS: Se le envió información general y catalogos,INF,INF,CRM2,15/08/2023,Contactado,Informacion General
ETIQUETA: Informacion General | ESTADO: Contactado | NOTAS: SE ENVIO CATALAGOS Y PRESENTACION,INF,INF,CRM1,14/03/2023,Contactado,Informacion General
"ETIQUETA: Cotización Obra, Informacion General, Asesoramiento Tecnico | ESTADO: Contactado | NOTAS: AV INCA 300 M2 C/E Y 16 M2 PLACAS FIBROCEMENTO",COT,INF,CRM1,06/07/2023,Contactado,"Cotización Obra, Informacion General, Asesoramient"
ETIQUETA: Informacion General | ESTADO: Contactado | NOTAS: numero repetido-base de datos,INF,INF,CRM2,05/09/2023,Contactado,Informacion General
ETIQUETA: Email - Numero inválido | ESTADO: Nuevo | NOTAS: CONTACTO TELEFONICO ERIKA,,INF,CRM1,31/03/2023,Nuevo,Email - Numero inválido
ETIQUETA: Construex | ESTADO: Construex | NOTAS: PREGUNTA SOBRE ÁCIDOS Y TINTES,INF,INF,CRM2,22/08/2024,Construex,Construex
"ETIQUETA: Informacion General | ESTADO: En seguimiento | NOTAS: CLIENTE BASE CONSTRUEX,se envió información general",INF,SEG,CRM2,11/04/2024,En seguimiento,Informacion General
"ETIQUETA: Sugerencias o Quejas | ESTADO: Contactado | CONSULTA: Asesor: Hola, estoy conectada, te puedo ayudar en algo? Cliente: Por favor quiero aplicar para una vacante de auxiliar de bodega , me puede ayudar con algún correo,por favor Asesor: Cual es tu nombre? | NOTAS: TRABAJAR CON NOSOTROS",QUE,QUE,CRM2,06/10/2023,Contactado,Sugerencias o Quejas
ETIQUETA: Informacion General | ESTADO: En seguimiento | NOTAS: cliente interesada en aditivo- cliente de Construex,TEC,SEG,CRM2,11/04/2024,En seguimiento,Informacion General
CIUDAD: Manta | MENSAJE: ‎IMG-20260402-WA0014.jpg (archivo adjunto),,INF,WhatsApp,2/4/2026,,
ETIQUETA: Informacion General | ESTADO: Contactado | CONSULTA: Quisiera saber la disponibilidad de los pigmentos en color azul y rojo para hormigon | NOTAS: Se envia mensaje al cliente y se adjunta catalogo de Pigmentos,INF,INF,CRM2,10/12/2024,Contactado,Informacion General
ETIQUETA: Informacion General | ESTADO: Contactado | NOTAS: se envió información curso LOJA Base de datos LOJA,CUR,CUR,CRM2,09/11/2023,Contactado,Informacion General
ETIQUETA: Informacion General | ESTADO: Contactado | NOTAS: Se envió WhatsApp de seguimiento,INF,SEG,CRM2,19/07/2023,Contactado,Informacion General
CIUDAD: Cuenca | MENSAJE: Bueno chicos muchísimas gracias por todo fue un taller muy enriquecedor,CUR,CUR,WhatsApp,24/11/2025,,
"ETIQUETA: Email inválido | ESTADO: Contactado | NOTAS: numero repetido,base de datos",,INF,CRM2,05/09/2023,Contactado,Email inválido
CIUDAD: Manta | MENSAJE: Genial ya te escribo,INF,INF,WhatsApp,9/9/2025,,
"ETIQUETA: Informacion General | ESTADO: Contactado | CONSULTA: Asesor: Hola, estoy conectada, te puedo ayudar en algo? Cliente: buenas tardes a cuanto alquilas los moldes para estama Asesor: Cual es tu nombre? Cliente: Efrain Cayra Asesor: Yo me encargo de ponert | NOTAS: Se envió catálogo e info de moldes para alquiler",INF,INF,CRM2,22/07/2024,Contactado,Informacion General
CIUDAD: Quito | MENSAJE: Las juntas si com malla no con papel,INF,INF,WhatsApp,18/6/2025,,
"ETIQUETA: Informacion General | ESTADO: Contactado | CONSULTA: Buenos días, quisiera detalles sobre el microcemento en paredes y pisos | NOTAS: se envió infromacion general sobre microcemento",INF,INF,CRM2,15/06/2024,Contactado,Informacion General
CIUDAD: Manta | MENSAJE: Yo vivo en Manta,INF,INF,WhatsApp,9/9/2025,,
ETIQUETA: Informacion General | ESTADO: Contactado | NOTAS: SE ENVIO CATALOGO Y PRESENTACION,INF,INF,CRM1,14/03/2023,Contactado,Informacion General
ETIQUETA: Informacion General | ESTADO: Contactado | NOTAS: se envió informacion general y catálogos Base de datos casa abierta UIO,CUR,INF,CRM2,13/11/2023,Contactado,Informacion General
CIUDAD: Quito | MENSAJE: Perdón yo creí que necesitaba sacar el microcemento,INF,INF,WhatsApp,8/4/2026,,
"ETIQUETA: Cotización Obra, Cotizacion Materiales, Informacion General | ESTADO: Contactado | CONSULTA: Asesor: Hola, estoy conectada, te puedo ayudar en algo? Cliente: desearia contactar con un vendedor. Requiero pisos de concreto para acceso vehicular 1500 m2 Asesor: Cual es tu nombre? Cliente: Diego  | NOTAS: Se le envió información y catalogo general",COT,COT,CRM2,20/03/2024,Contactado,"Cotización Obra, Cotizacion Materiales, Informacio"
"ETIQUETA: Informacion General, Desuscripto | ESTADO: En seguimiento | NOTAS: CLIENTE BASE CONSTRUEX,se envio informacion general y catalogo",INF,SEG,CRM2,11/04/2024,En seguimiento,"Informacion General, Desuscripto"
ETIQUETA: Email - Numero inválido | ESTADO: numero no valido | NOTAS: se envió información general por correo,,INF,CRM2,09/11/2023,numero no valido,Email - Numero inválido
ETIQUETA: Informacion General | ESTADO: Contactado | NOTAS: se envio catalogo y presentacion JEVA,INF,INF,CRM1,12/04/2023,Contactado,Informacion General
"ETIQUETA: Informacion General | ESTADO: Contactado | CONSULTA: Asesor: Hola, estoy conectada, te puedo ayudar en algo? Cliente: Buenas tardes, una consulta, el producto del microcemento, es de fácil aplicación como para hacerlo uno mismo? Asesor: Cual es tu nombr",INF,INF,CRM1,28/06/2023,Contactado,Informacion General
"ETIQUETA: Informacion General | ESTADO: Contactado | CONSULTA: Asesor: Hola, estoy conectada, te puedo ayudar en algo? Cliente: Busco polvo mineral para hormigon Asesor: Cual es tu nombre? Cliente: Carlos Asesor: Excelente Carlos. Yo me encargo de ponerte en cont | NOTAS: INFO PIGMENTOS",INF,INF,CRM2,19/10/2023,Contactado,Informacion General
CIUDAD: Quito | MENSAJE: ‎STK-20240125-WA0030.webp (archivo adjunto),,INF,WhatsApp,18/6/2025,,
"ETIQUETA: Cotizacion Materiales, Cliente Derivado provincias, Informacion General, Seguimiento de presentacion | ESTADO: En seguimiento | NOTAS: MOLDES Y MATERIALES C/E 75M2 -transferido gye aplicacion",COT,COT,CRM1,07/06/2023,En seguimiento,"Cotizacion Materiales, Cliente Derivado provincias"
ETIQUETA: Informacion General | ESTADO: Contactado | NOTAS: se envio catalogo y presentacion jeva,INF,INF,CRM1,28/03/2023,Contactado,Informacion General
ETIQUETA: Informacion General | ESTADO: Nuevo | NOTAS: SE ENVIO CATALOGO Y PRESENTACION JEVA,INF,INF,CRM1,23/03/2023,Nuevo,Informacion General
CIUDAD: Manta | MENSAJE: Sera una gran muestra  de lo que podemos hacer con el material y seria fantastico que Usted lo vayan incluyendo  en sus ofertas !! 😉👍🏻,INF,INF,WhatsApp,4/3/2025,,
ETIQUETA: Informacion General | ESTADO: Contactado | NOTAS: Se envia mensaje al cliente.,INF,INF,CRM2,07/10/2024,Contactado,Informacion General
CIUDAD: Quito | MENSAJE: Limpiarll con paños de fibra húmedos y vinagre,INF,INF,WhatsApp,8/4/2026,,
ETIQUETA: Informacion General | ESTADO: Contactado | NOTAS: se envio catalogo y presentacion agendas,INF,INF,CRM1,28/03/2023,Contactado,Informacion General
CIUDAD: Quito | MENSAJE: Muchísimas gracias  estaré  pendiente muy pronto estaré asiendo adquisiciones  para una decoración  especial,INF,INF,WhatsApp,27/3/2026,,
"ETIQUETA: Cotización Obra, Informacion General | ESTADO: Contactado | NOTAS: 35 m2 c/e piso y gradas y 18 m2 micro",COT,INF,CRM1,31/03/2023,Contactado,"Cotización Obra, Informacion General"
"CIUDAD: Cuenca | MENSAJE: ubicación: https://maps.google.com/?q=-2.9026817,-79.0033633",INF,INF,WhatsApp,21/11/2025,,
"ETIQUETA: Cotización Obra, Venta ganada, Informacion General | ESTADO: Venta ganada | NOTAS: 10 M2 OBRA",VEN,INF,CRM2,22/11/2023,Venta ganada,"Cotización Obra, Venta ganada, Informacion General"
"ETIQUETA: Envio masivo whasapp, Email - Numero inválido | ESTADO: Contactado | NOTAS: Se envió WhatsApp masivo se envió catalogo y presentación!!",,INF,CRM1,20/03/2023,Contactado,"Envio masivo whasapp, Email - Numero inválido"
"ETIQUETA: Informacion General | ESTADO: Contactado | CONSULTA: Asesor: Hola, estoy conectada, te puedo ayudar en algo? Cliente: Saludos , me interesa sus productos para pigmentar el cemento y piedras decorativas de jardin Asesor: Cual es tu nombre? Cliente: Mario | NOTAS: Se envia mensaje al cliente y se adjunta catalogo general de productos.",INF,INF,CRM2,08/12/2024,Contactado,Informacion General
"ETIQUETA: Informacion General | ESTADO: En seguimiento | NOTAS: CLIENTE BASE CONSTRUEX,se envió informacion general y catálogos",INF,SEG,CRM2,11/04/2024,En seguimiento,Informacion General
"ETIQUETA: Cotizacion Materiales, Asesoramiento Tecnico | ESTADO: Venta ganada | NOTAS: 150 CE FUNDICION PUYO ASISTENCIA TECNICA",VEN,COT,CRM2,12/12/2023,Venta ganada,"Cotizacion Materiales, Asesoramiento Tecnico"
ETIQUETA: Informacion General | ESTADO: Contactado | NOTAS: ACIDO EN PISO Y SELLO COLEGIO,INF,INF,CRM1,06/07/2023,Contactado,Informacion General
ETIQUETA: Cotización Obra | ESTADO: Contactado | NOTAS: 50 M2 MICRO EN PAREDES,COT,INF,CRM2,08/03/2024,Contactado,Cotización Obra
ETIQUETA: Cotización Obra | ESTADO: Contactado | NOTAS: 45 M2 C/E EN FUNDICION,COT,INF,CRM2,12/10/2023,Contactado,Cotización Obra
"CIUDAD: Quito | MENSAJE: El diseño yo ya le hice ,lo que Deseo es en microcemento que me den haciendo una pequeña muestra para ver cómo queda de lujo con los productos de Roktec",INF,INF,WhatsApp,29/11/2025,,
CIUDAD: Quito | MENSAJE: Es un efecto marmoleado 😂,INF,INF,WhatsApp,2/7/2025,,
ETIQUETA: Informacion General | ESTADO: Contactado | NOTAS: información sobre concreto estampado,INF,INF,CRM2,12/12/2023,Contactado,Informacion General
CIUDAD: Quito | MENSAJE: ‎VID-20250719-WA0001.mp4 (archivo adjunto),,INF,WhatsApp,19/7/2025,,
"ETIQUETA: Informacion General | ESTADO: Contactado | CONSULTA: Asesor: Hola, estoy conectada, te puedo ayudar en algo? Cliente: Buenos dias, quisiera cotizar para Manta 100m2 de este tipo de pisos, me puede ayudar cuanto es el costo por m2 Asesor: Cual es tu nomb | NOTAS: Interesado en microcemento para la ciudad de Manta",COT,COT,CRM2,08/07/2024,Contactado,Informacion General
ETIQUETA: Informacion General | ESTADO: Contactado | NOTAS: se envío información general y catálogos,INF,INF,CRM2,14/09/2023,Contactado,Informacion General
ETIQUETA: Cotización Obra | ESTADO: En seguimiento | NOTAS: 250 m2 C/E FUNDICION,COT,SEG,CRM2,29/11/2023,En seguimiento,Cotización Obra
"CIUDAD: Guayaquil | MENSAJE: Pero el tenía la premura, vamos dando paso a paso, muchas gracias",INF,INF,WhatsApp,20/12/2025,,
"ETIQUETA: Cotización Obra, Informacion General, Seguimiento de presentacion | ESTADO: En seguimiento | NOTAS: C/E 19M2 gradas USA",COT,SEG,CRM1,08/06/2023,En seguimiento,"Cotización Obra, Informacion General, Seguimiento "
"ETIQUETA: Informacion General | ESTADO: Contactado | CONSULTA: Asesor: Hola, estoy conectada, te puedo ayudar en algo? Cliente: Buen día. Necesito info para diseño de fachadas Asesor: Cual es tu nombre? Cliente: Rubén Asesor: Excelente Ruben. Yo me encargo de pon | NOTAS: se envió información general,información micro en fachadas",INF,INF,CRM2,10/11/2023,Contactado,Informacion General
CIUDAD: Quito | MENSAJE: Poniendo en práctica lo aprendido 😁😁😁 Arq,INF,INF,WhatsApp,14/4/2025,,
"ETIQUETA: Email - Numero inválido | ESTADO: numero no valido | CONSULTA: Asesor: Hola, estoy conectada, te puedo ayudar en algo? Cliente: Buenos días, favor cotizar un recubrimiento de piso Ucrete para un cuarto de congelación. 75m2 con 6mm de recubrimiento del Ucrete. Me ",COT,INF,CRM2,16/10/2024,numero no valido,Email - Numero inválido
"CIUDAD: Manta | MENSAJE: Gracias, páseme por interno",INF,INF,WhatsApp,25/4/2024,,
"ETIQUETA: Informacion General | ESTADO: Contactado | CONSULTA: Asesor: Hola, estoy conectada, te puedo ayudar en algo? Cliente: buenas tardes necesito Desmoldante en base a agua para moldes DE inyección DE plásticos Asesor: Cual es tu nombre? Asesor: Cliente: eri",INF,INF,CRM2,09/05/2024,Contactado,Informacion General
ETIQUETA: Informacion General | ESTADO: Contactado | NOTAS: información curso LOJA base de datos,CUR,CUR,CRM2,09/11/2023,Contactado,Informacion General
"ETIQUETA: Cliente Derivado provincias | ESTADO: Contactado | CONSULTA: Asesor: Hola, estoy conectada, te puedo ayudar en algo? Cliente: Hola Asesor: Como estás? Contame, qué estabas buscando? Cliente: Aplican en Ambato Asesor: Cual es tu nombre? Cliente: Necesito para 2  | NOTAS: JEVA LLAMO DE AMBATO, SE DIRECCIONO",INF,INF,CRM1,29/03/2023,Contactado,Cliente Derivado provincias
CIUDAD: Quito | MENSAJE: y el acabado final logra con la experiencia del maestro o tecnico de aplicacion...,INF,TEC,WhatsApp,21/4/2026,,
ETIQUETA: Informacion General | ESTADO: Contactado | NOTAS: CLIENTE FERIA CLAVE CUMBAYA ( CONSTRUCTORA,INF,INF,CRM2,25/06/2024,Contactado,Informacion General
"ETIQUETA: Informacion General | ESTADO: Contactado | CONSULTA: Asesor: Hola, estoy conectada, te puedo ayudar en algo? Asesor: ¿Cómo estás? Cuéntame, ¿en que te puedo servir? Cliente: hola buen día Asesor: Cual es tu nombre? Cliente: Gabriela Asesor: Excelente Ga | NOTAS: Se le envió información general y catálogos",INF,INF,CRM2,31/08/2023,Contactado,Informacion General
CIUDAD: Manta | MENSAJE: Recuerden que esto super fácil hacer ... con codal y espátula no hay ciencia 😉,INF,INF,WhatsApp,2/4/2026,,
ETIQUETA: Informacion General | ESTADO: En seguimiento | NOTAS: se envío información general y catálogos,INF,SEG,CRM2,27/05/2024,En seguimiento,Informacion General
"ETIQUETA: Informacion General | ESTADO: En seguimiento | NOTAS: CLIENTE CONSTRUEX,se envió información y catalogo general",INF,SEG,CRM2,20/06/2024,En seguimiento,Informacion General
"CIUDAD: Quito | MENSAJE: Buenas noches este es mi diseño,un favor si le pueden sacar en Microcemento con Roktec.??? Gracias.",INF,INF,WhatsApp,29/11/2025,,
"ETIQUETA: Email - Numero inválido | ESTADO: Nuevo | CONSULTA: Asesor: Hola, estoy conectada, te puedo ayudar en algo? Cliente: Buenas tardes necesito comprar unos productos Asesor: Cual es tu nombre? Cliente: Julio Guerrero Asesor: Excelente Julio. Yo me encargo",INF,VEN,CRM1,10/07/2023,Nuevo,Email - Numero inválido
"ETIQUETA: Informacion General | ESTADO: Contactado | CONSULTA: Buenas tardes, estoy haciendo una construcción en el poblado de las Tunas junto al mar, provincia de Manabí, 20 min al sur de Puerto Lopez. Deseo ver las opciones de acabados para losa y los diferente | NOTAS: Se adjunta informacion sobre Concreto Estampado.",INF,INF,CRM2,04/09/2024,Contactado,Informacion General
"ETIQUETA: Informacion General | ESTADO: Contactado | CONSULTA: Asesor: Hola, estoy conectada, te puedo ayudar en algo? Cliente: buenas tardes, necesito saber cual es el espesor mínimo para hacer el estampado tipo madera, que producto final se coloca para el brill | NOTAS: se envió información general y catalogo",TEC,INF,CRM2,04/07/2024,Contactado,Informacion General
CIUDAD: Quito | MENSAJE: Y no es factible la placa de humedad en vez de la normal,INF,INF,WhatsApp,18/6/2025,,
ETIQUETA: Informacion General | ESTADO: Contactado | NOTAS: se envio catálogos y presentacion Jeva,INF,INF,CRM1,05/04/2023,Contactado,Informacion General
"ETIQUETA: Informacion General | ESTADO: Contactado | NOTAS: BASE CLIENTE/DISTRIBUIDOR FERRETERO,se envió información general y catalogo",INF,INF,CRM2,13/05/2024,Contactado,Informacion General
ETIQUETA: Cotizacion Materiales | ESTADO: Contactado | NOTAS: C/E PARED 30 M2,COT,COT,CRM2,10/10/2023,Contactado,Cotizacion Materiales
"ETIQUETA: Cliente Derivado provincias, Venta ganada, Informacion General | ESTADO: Contactado | NOTAS: Venta de pigmento azul direccionado a BOMANITE",VEN,INF,CRM1,02/06/2023,Contactado,"Cliente Derivado provincias, Venta ganada, Informa"
CIUDAD: Guayaquil | MENSAJE: Saludos chicos los que hicieron el taller y quieren volver a repetirlo no tiene costo pero máximo podemos recibir 3 personas extras por curso,COT,COT,WhatsApp,16/9/2025,,
CIUDAD: Loja | MENSAJE: Esta los depositos.,INF,INF,WhatsApp,26/11/2024,,
CIUDAD: Quito | MENSAJE: Son el tipo terminado de placas  que se aprecia en la pared posterior,INF,INF,WhatsApp,21/4/2026,,
"ETIQUETA: Cotización Obra, Informacion General, Seguimiento de presentacion | ESTADO: En seguimiento | NOTAS: C/E 150m2 SANGOLQUI / no contesta despues del seguimiento",COT,SEG,CRM1,08/06/2023,En seguimiento,"Cotización Obra, Informacion General, Seguimiento "
CIUDAD: Guayaquil | MENSAJE: Cuántos metros son gracias,INF,INF,WhatsApp,25/3/2026,,
"ETIQUETA: Informacion General | ESTADO: Contactado | NOTAS: CLIENTE FERIA CUMBAYA, CONSTRUCTORA",INF,INF,CRM2,28/06/2024,Contactado,Informacion General
CIUDAD: Guayaquil | MENSAJE: ¡Saludos a todos 🙋🏻‍♀️!,INF,INF,WhatsApp,30/6/2025,,
"ETIQUETA: Informacion General | ESTADO: Contactado | CONSULTA: Asesor: Hola, estoy conectada, te puedo ayudar en algo? Cliente: Hola Asesor: ¿Cómo estás? Cuéntame, ¿en que te puedo servir? Cliente: Que colores hay de concreto estampado? Asesor: Cual es tu nombre? | NOTAS: Se envia mensaje a correo electronico solicitando contacto para enviar mas informacion.",INF,INF,CRM2,04/12/2024,Contactado,Informacion General
"ETIQUETA: Informacion General | ESTADO: Contactado | CONSULTA: Asesor: Hola, estoy conectada, te puedo ayudar en algo? Cliente: Buenas tardes. Asesor: ¿Cómo estás? Cuéntame, ¿en que te puedo servir? Cliente: Necesito colocar un recubrimiento de micro cemento en u | NOTAS: cotizacion de una pared en microcemento ( pagina web )",COT,COT,CRM1,31/05/2023,Contactado,Informacion General
ETIQUETA: Informacion General | ESTADO: Contactado | NOTAS: INFORMACION CURSO LOJA BASE DE DATOS,CUR,CUR,CRM2,09/11/2023,Contactado,Informacion General
"CIUDAD: Manta | MENSAJE: Muchas gracias, saludos al grupo por agregarme mi correo es delgadov683@gmail.com",INF,INF,WhatsApp,25/4/2024,,
ETIQUETA: Informacion General | ESTADO: Contactado | CONSULTA: Ayúdame con la preparación??? Por fa | NOTAS: INFO MICRO,TEC,INF,CRM2,30/10/2023,Contactado,Informacion General
CIUDAD: Quito | MENSAJE: ‎STK-20240902-WA0034.webp (archivo adjunto),,INF,WhatsApp,14/5/2025,,
CIUDAD: Manta | MENSAJE: Oro verde de Portoviejo ?,INF,INF,WhatsApp,4/3/2025,,
ETIQUETA: Email - Numero inválido | ESTADO: Nuevo | NOTAS: EL NUMERO ESTA INOCORRECTO,,INF,CRM2,15/08/2023,Nuevo,Email - Numero inválido
ETIQUETA: Informacion General | ESTADO: En seguimiento | NOTAS: CLIENTE INTERESADO EN ADITIVO LIGANTE - CLIENTE DE CONSTRUEX,TEC,SEG,CRM2,03/04/2024,En seguimiento,Informacion General
"CIUDAD: Quito | MENSAJE: Está hermoso, que herramientas uso?",TEC,TEC,WhatsApp,19/7/2025,,
ETIQUETA: Envio masivo whasapp | ESTADO: Contactado | NOTAS: se envió información y presentación completa,INF,INF,CRM1,22/02/2023,Contactado,Envio masivo whasapp
"ETIQUETA: Informacion General | ESTADO: En seguimiento | NOTAS: CLIENTE CONSTRUEX,se envio informacion y catalogo general",INF,SEG,CRM2,27/05/2024,En seguimiento,Informacion General
ETIQUETA: Informacion General | ESTADO: Contactado | NOTAS: SE LE ENVIO COTIZACION DE 50M2 DE MICROPARED CON ASISTENCIA TECNICA hora quiere cotizacion de concreto estampado,COT,COT,CRM1,15/06/2023,Contactado,Informacion General
CIUDAD: Quito | MENSAJE: Ambato presente,INF,INF,WhatsApp,21/10/2025,,
CIUDAD: Manta | MENSAJE: Saludos a todos gracias por su entusiasmo e interés en el Taller del fin de semana .,CUR,CUR,WhatsApp,25/4/2024,,
ETIQUETA: Informacion General | ESTADO: Contactado | NOTAS: se envió el WhatsApp de información y mail pigmentos,INF,INF,CRM1,13/02/2023,Contactado,Informacion General
ETIQUETA: Envio masivo whasapp | ESTADO: Contactado | NOTAS: Se envió WhatsApp masivo se envió catalogo y presentación,INF,INF,CRM1,20/03/2023,Contactado,Envio masivo whasapp
ETIQUETA: Venta ganada | ESTADO: Contactado | NOTAS: YA SE ENVIO COTIZACION Y FACTURA,VEN,COT,CRM1,12/05/2023,Contactado,Venta ganada
"ETIQUETA: Cotizacion Materiales, Informacion General | ESTADO: En seguimiento | NOTAS: Es un sr que hizo el curso y esta interesado en colocar microcemento en un área de un centro comercial, se le envió cotización de materiales e información de fibra de polipropileno",COT,COT,CRM2,14/08/2023,En seguimiento,"Cotizacion Materiales, Informacion General"
"ETIQUETA: Informacion General | ESTADO: Contactado | CONSULTA: Asesor: Hola, estoy conectada, te puedo ayudar en algo? Cliente: Hola Buenos días tal vez me puede ayudar cotizando unos microcementos por favor. Gracias Asesor: Cual es tu nombre? Cliente: Geovanna R | NOTAS: información micro",COT,INF,CRM2,09/05/2024,Contactado,Informacion General
"ETIQUETA: Informacion General | ESTADO: Contactado | CONSULTA: Asesor: Hola, estoy conectada, te puedo ayudar en algo? Cliente: buenas tardes Asesor: ¿Cómo estás? Cuéntame, ¿en que te puedo servir? Cliente: tiene a la venta moldes para concreto estampado Asesor:  | NOTAS: se envió información general y catalogo",INF,INF,CRM2,04/06/2024,Contactado,Informacion General
ETIQUETA: Aplicador | ESTADO: APLICADORES | NOTAS: Curso Quito Febrero,CUR,CUR,CRM2,27/02/2024,APLICADORES,Aplicador
CIUDAD: Guayaquil | MENSAJE: ‎STK-20250718-WA0009.webp (archivo adjunto),,INF,WhatsApp,18/7/2025,,
ETIQUETA: Informacion General | ESTADO: Contactado | NOTAS: base de datos,INF,INF,CRM2,05/09/2023,Contactado,Informacion General
"ETIQUETA: Informacion General | ESTADO: Contactado | CONSULTA: Asesor: Hola, estoy conectada, te puedo ayudar en algo? Cliente: buenos días , por favor una consulta, necesito reparar/enlucir el piso de un garage interior aprox. 40mts2, quisiera aplicarle color *l | NOTAS: Cliente requiere reparar piso de 40m2, en espera de número de contacto para asesoría",INF,INF,CRM2,22/07/2024,Contactado,Informacion General
"ETIQUETA: No concretada, Informacion General | ESTADO: Contactado | NOTAS: C/E ALQUILER SIN COMPRA DE MATERIALES",INF,VEN,CRM1,06/06/2023,Contactado,"No concretada, Informacion General"
CIUDAD: Quito | MENSAJE: Muy buenas tardes.  Gracias.,INF,INF,WhatsApp,26/8/2025,,
ETIQUETA: Informacion General | ESTADO: Contactado | NOTAS: SE ENVIO COTIZACION DE KIT DE MICROCEMENTO PARA 20M2,COT,COT,CRM2,25/07/2023,Contactado,Informacion General
ETIQUETA: Email inválido | ESTADO: En seguimiento | NOTAS: CLIENTE BASE CONSTRUEX,,SEG,CRM2,11/04/2024,En seguimiento,Email inválido
"ETIQUETA: Cotización Obra, Cotizacion Materiales, Informacion General | ESTADO: En seguimiento | NOTAS: Esta interesado en microcemento 100m2 para una vivienda",COT,COT,CRM2,14/08/2023,En seguimiento,"Cotización Obra, Cotizacion Materiales, Informacio"
"ETIQUETA: Cotización Obra, Email inválido | ESTADO: Contactado | NOTAS: 60 m2 C/E TERRAZA TUMBACO",,INF,CRM2,27/09/2023,Contactado,"Cotización Obra, Email inválido"
CIUDAD: Quito | MENSAJE: Me pueden ayudar qué material necesito para darle este terminado,INF,INF,WhatsApp,21/4/2026,,
"ETIQUETA: Informacion General | ESTADO: Contactado | NOTAS: Prospecto feria Clave,se envió información general y catalogo",INF,INF,CRM2,14/06/2024,Contactado,Informacion General
"CIUDAD: Loja | MENSAJE: Buenos días, por favor me pueden ayudar con un video de aplicación de concreto estampado?",INF,INF,WhatsApp,18/12/2024,,
ETIQUETA: Informacion General | ESTADO: Contactado | NOTAS: PROYECTO DE PARQUE MICRO / SUGUERENCIA DE PIGMENTO,INF,INF,CRM1,17/07/2023,Contactado,Informacion General
ETIQUETA: Email inválido | ESTADO: Nuevo | NOTAS: BASE CLIENTE/DISTRIBUIDOR FERRETERO,,INF,CRM2,13/05/2024,Nuevo,Email inválido
"ETIQUETA: Cotización Obra, No concretada, Informacion General | ESTADO: Contactado | NOTAS: proyecto de 19 casas micro 165 c/casa/ no esta interesada",COT,INF,CRM1,05/06/2023,Contactado,"Cotización Obra, No concretada, Informacion Genera"
ETIQUETA: Venta ganada | ESTADO: Cliente Frecuente | NOTAS: ACIDOS,VEN,INF,CRM1,09/06/2023,Cliente Frecuente,Venta ganada
ETIQUETA: Informacion General | ESTADO: Contactado | NOTAS: SE ENVIO INFORMACION GENERAL Y CATALOGOS,INF,INF,CRM2,09/11/2023,Contactado,Informacion General
"ETIQUETA: Informacion General, Email inválido | ESTADO: Contactado | NOTAS: se envió información general y catálogos Base de datos casa abierta UIO",CUR,INF,CRM2,13/11/2023,Contactado,"Informacion General, Email inválido"
CIUDAD: Cuenca | MENSAJE: Buenos días estimados adjuntamos catálogos y manuales instructivos para su conocimiento,INF,INF,WhatsApp,4/12/2025,,
ETIQUETA: Informacion General | ESTADO: Contactado | NOTAS: INFO SELLO,INF,INF,CRM2,16/02/2024,Contactado,Informacion General
CIUDAD: Guayaquil | MENSAJE: La Cartilla de Colores aplica para los morteros Thin-set?,INF,INF,WhatsApp,26/8/2025,,
ETIQUETA: Informacion General | ESTADO: Contactado | NOTAS: mail pigmentos,INF,INF,CRM1,13/02/2023,Contactado,Informacion General
ETIQUETA: Informacion General | ESTADO: Contactado | NOTAS: informacion curso LOJA Base de datos,CUR,CUR,CRM2,09/11/2023,Contactado,Informacion General
CIUDAD: Quito | MENSAJE: Maeatro que bien !!!!,INF,INF,WhatsApp,24/3/2025,,
CIUDAD: Quito | MENSAJE: ‎IMG-20250324-WA0002.jpg (archivo adjunto),,INF,WhatsApp,22/3/2025,,
"CIUDAD: Quito | MENSAJE: Estimados aplicadores,",INF,INF,WhatsApp,30/3/2026,,
ETIQUETA: Informacion General | ESTADO: Contactado | NOTAS: se envio catalogas y presentación,INF,INF,CRM1,08/05/2023,Contactado,Informacion General
"ETIQUETA: Email inválido, Aplicador | ESTADO: APLICADORES | NOTAS: CURSO QUITO FEBRERO",CUR,CUR,CRM2,27/02/2024,APLICADORES,"Email inválido, Aplicador"
"ETIQUETA: Informacion General | ESTADO: Contactado | CONSULTA: Asesor: Hola, estoy conectada, te puedo ayudar en algo? Cliente: Buenas tardes. Disculpe venta de cemento? Asesor: Cual es tu nombre? Asesor: Sigues ahí? Cliente: Sebastián Carrera Asesor: Excelente S",INF,INF,CRM1,27/06/2023,Contactado,Informacion General
CIUDAD: Quito | MENSAJE: Buenos días ya está emplasticado,INF,INF,WhatsApp,20/6/2025,,
"ETIQUETA: Cotización Obra, Informacion General | ESTADO: En seguimiento | NOTAS: 200 M2 PISO DE ENDURECEDOR",COT,SEG,CRM2,07/11/2023,En seguimiento,"Cotización Obra, Informacion General"
ETIQUETA: Cotización Obra | ESTADO: Contactado | NOTAS: COTIZACION DE GRADAS LINEALES SUR DE QUITO,COT,COT,CRM2,25/10/2023,Contactado,Cotización Obra
ETIQUETA: Construex | ESTADO: Construex | CONSULTA: INTERESADO EN ADITIVO,TEC,INF,CRM2,22/08/2024,Construex,Construex
ETIQUETA: Venta ganada | ESTADO: Cliente Frecuente | NOTAS: se envió presentación e información,VEN,INF,CRM1,16/02/2023,Cliente Frecuente,Venta ganada
CIUDAD: Cuenca | MENSAJE: Por favor los ácidos tuvimos un pequeño reajuste,INF,INF,WhatsApp,24/11/2025,,
"ETIQUETA: Cotizacion Materiales, Venta ganada | ESTADO: Cliente Frecuente | NOTAS: 160M2 MICRO",VEN,COT,CRM1,16/06/2023,Cliente Frecuente,"Cotizacion Materiales, Venta ganada"
"ETIQUETA: Cotizacion Materiales, Informacion General | ESTADO: Contactado | NOTAS: COTIZACION MATERIALES C/E GYE 145 M2",COT,COT,CRM2,31/08/2023,Contactado,"Cotizacion Materiales, Informacion General"
ETIQUETA: Informacion General | ESTADO: Contactado | NOTAS: CLIENTE FERIA CLAVE CUMBAYA.INF. C/E,INF,INF,CRM2,25/06/2024,Contactado,Informacion General
"ETIQUETA: Informacion General | ESTADO: APLICADORES | NOTAS: CLIENTE CONSTRUEX,se envió información general y catalogo",INF,INF,CRM2,18/07/2024,APLICADORES,Informacion General
"ETIQUETA: Informacion General | ESTADO: Contactado | CONSULTA: Asesor: Hola, estoy conectada, te puedo ayudar en algo? Cliente: Hola buenos días. Asesor: Cual es tu nombre? Cliente: Queria consultar cuanto cuesta el m2 de microcemento, ya colocado. Asesor: Yo me  | NOTAS: se envió información general y catalogo, cliente interesado en microcemento",COT,INF,CRM2,01/07/2024,Contactado,Informacion General
ETIQUETA: Venta ganada | ESTADO: Cliente Frecuente | NOTAS: Se envia cotizaciones,VEN,COT,CRM1,15/05/2023,Cliente Frecuente,Venta ganada
"ETIQUETA: Envio masivo whasapp, Email - Numero inválido | ESTADO: Contactado | NOTAS: Se envió WhatsApp masivo",,INF,CRM1,17/02/2023,Contactado,"Envio masivo whasapp, Email - Numero inválido"
"ETIQUETA: Informacion General | ESTADO: Contactado | CONSULTA: Asesor: Hola, estoy conectada, te puedo ayudar en algo? Cliente: SALUDOS BUENAS TARDES Asesor: Cual es tu nombre? Cliente: BYRON GOMEZ LE SALUDA Asesor: Yo me encargo de ponerte en contacto con un ase | NOTAS: INFO PIGMENTO",INF,INF,CRM2,14/05/2024,Contactado,Informacion General
ETIQUETA: Informacion General | ESTADO: Contactado | NOTAS: PISO TEXTURIZADO PINTERES,INF,INF,CRM1,09/06/2023,Contactado,Informacion General
"ETIQUETA: Informacion General, Seguimiento de presentacion | ESTADO: En seguimiento",SEG,SEG,CRM1,07/06/2023,En seguimiento,"Informacion General, Seguimiento de presentacion"
CIUDAD: Quito | MENSAJE: Qué tal compañeros aplicadores porseacaso alguien tiene 1 galón de ácido verde piedra?? <Se editó este mensaje.>,INF,INF,WhatsApp,22/4/2026,,
ETIQUETA: Informacion General | ESTADO: Contactado | NOTAS: llamada telefónica información de microcemento,INF,INF,CRM1,01/06/2023,Contactado,Informacion General
"CIUDAD: Quito | MENSAJE: Buenas tardes, gracias.",INF,INF,WhatsApp,17/2/2025,,
CIUDAD: Quito | MENSAJE: Tenga la bondad le escribo por interno,INF,INF,WhatsApp,21/4/2026,,
"ETIQUETA: Cotización Obra, Informacion General | ESTADO: Contactado | NOTAS: 1000 M2 C/E - ADOQUIN",COT,INF,CRM2,07/08/2023,Contactado,"Cotización Obra, Informacion General"
CIUDAD: Quito | MENSAJE: Ese acabado se puede hacer en efecto con un stencil,INF,INF,WhatsApp,1/12/2025,,
ETIQUETA: Informacion General | ESTADO: En seguimiento | NOTAS: CLIENTE INTERESADO EN CONCRETO ESTAMPADO PARA PISOS - CLIENTE CONSTRUEX,INF,SEG,CRM2,04/04/2024,En seguimiento,Informacion General
"ETIQUETA: Informacion General | ESTADO: Contactado | NOTAS: CONTACTO TELEFONICO ERIKA,está interesado en el curso",CUR,CUR,CRM1,31/03/2023,Contactado,Informacion General
"ETIQUETA: Informacion General | ESTADO: En seguimiento | NOTAS: CLIENTE BASE CONSTRUEX,se envio informacion general",INF,SEG,CRM2,11/04/2024,En seguimiento,Informacion General
CIUDAD: Manta | MENSAJE: Está bien el correo,INF,INF,WhatsApp,25/4/2024,,
ETIQUETA: Informacion General | ESTADO: Contactado | NOTAS: se envía catálogos y presentación jeva,INF,INF,CRM1,28/03/2023,Contactado,Informacion General
"ETIQUETA: Informacion General | ESTADO: Contactado | CONSULTA: Asesor: Hola, estoy conectada, te puedo ayudar en algo? Cliente: buenas tardes busco una cotizacion de microcemento Asesor: Cual es tu nombre? Cliente: augusta Asesor: Excelente Augusta. Yo me encargo | NOTAS: se envio información general y catalogo . interesado en microcemento",COT,COT,CRM2,01/07/2024,Contactado,Informacion General
ETIQUETA: Informacion General | ESTADO: Contactado | NOTAS: I/G y curso,CUR,CUR,CRM1,10/07/2023,Contactado,Informacion General
"ETIQUETA: Cotizacion Materiales | ESTADO: Contactado | NOTAS: visitaron oficina con su esposo Sr Víctor Campos, cotización materiales microcemento",COT,COT,CRM1,07/07/2023,Contactado,Cotizacion Materiales
"ETIQUETA: Informacion General | ESTADO: Contactado | NOTAS: BASE CLIENTE/FERRETERIA,se envio informacion general y catalogos",INF,INF,CRM2,13/05/2024,Contactado,Informacion General
"ETIQUETA: Cotizacion Materiales, Venta ganada, Informacion General | ESTADO: Venta ganada | NOTAS: TINTE SOLVENTE CON SELLO 70 M2",VEN,COT,CRM1,13/06/2023,Venta ganada,"Cotizacion Materiales, Venta ganada, Informacion G"
CIUDAD: Quito | MENSAJE: Saludos el material que se usa es Mortero Thinset de color,INF,INF,WhatsApp,21/4/2026,,
CIUDAD: Loja | MENSAJE: Que adjunto catálogos de moldes que son bajo pedido,INF,INF,WhatsApp,22/5/2025,,
ETIQUETA: Informacion General | ESTADO: Contactado | NOTAS: FERIA CLAVE CUMBAYA. DISEÑADORES,INF,INF,CRM2,21/06/2024,Contactado,Informacion General
CIUDAD: Cuenca | MENSAJE: Con estos colores seria,INF,INF,WhatsApp,24/11/2025,,
ETIQUETA: Informacion General | ESTADO: Contactado | NOTAS: se envía catálogos y presentación,INF,INF,CRM1,28/03/2023,Contactado,Informacion General
ETIQUETA: Informacion General | ESTADO: Contactado | CONSULTA: costos y modelos | NOTAS: se envió WhatsApp,COT,COT,CRM1,26/02/2023,Contactado,Informacion General
ETIQUETA: Cotización Obra | ESTADO: Contactado | NOTAS: 420 C/E IBARRA,COT,INF,CRM2,04/03/2024,Contactado,Cotización Obra
ETIQUETA: Informacion General | ESTADO: Contactado | NOTAS: se envió catalogas y presentación,INF,INF,CRM1,08/05/2023,Contactado,Informacion General
ETIQUETA: No concretada | ESTADO: Cliente Frecuente | NOTAS: personal de oficina,INF,INF,CRM2,13/11/2023,Cliente Frecuente,No concretada
CIUDAD: Manta | MENSAJE: Se eliminó este mensaje.,INF,INF,WhatsApp,27/5/2024,,
CIUDAD: Quito | MENSAJE: ‎IMG-20250226-WA0034.jpg (archivo adjunto),,INF,WhatsApp,26/2/2025,,
"ETIQUETA: Cotización Obra, Cotizacion Materiales, Informacion General | ESTADO: Contactado | CONSULTA: Asesor: Hola, estoy conectada, te puedo ayudar en algo? Cliente: hola Asesor: ¿Cómo estás? Cuéntame, ¿en que te puedo servir? Cliente: es posible precio por m2 Asesor: Cual es tu nombre? Cliente: de p | NOTAS: Desea colocar micro cemento en laminas de fibrocemento -400 m2",COT,COT,CRM2,16/04/2024,Contactado,"Cotización Obra, Cotizacion Materiales, Informacio"
"ETIQUETA: Email inválido | ESTADO: Contactado | NOTAS: numero repetido,BASE DE DATOS",,INF,CRM2,09/11/2023,Contactado,Email inválido
ETIQUETA: Informacion General | ESTADO: Contactado | CONSULTA: Moldes para concreto,INF,INF,CRM2,10/08/2024,Contactado,Informacion General
ETIQUETA: Informacion General | ESTADO: Contactado | NOTAS: se envia mail y catalogos,INF,INF,CRM1,09/03/2023,Contactado,Informacion General
CIUDAD: Quito | MENSAJE: Estimado Señor Efrain usted ya realizo el curso si quiere solo recordar con mucho gusto para nuestro siguiente taller,CUR,CUR,WhatsApp,27/3/2026,,
"ETIQUETA: Cotización Obra, Informacion General | ESTADO: Contactado | CONSULTA: Asesor: Hola, estoy conectada, te puedo ayudar en algo? Cliente: Buenas tardes, ustedes tienen acabado tipo hormigón para fachadas? Asesor: Cual es tu nombre? Cliente: Juan Mendoza Asesor: Excelente J | NOTAS: Se envió información general y catalogo . inf estampado en pared",COT,INF,CRM2,04/07/2024,Contactado,"Cotización Obra, Informacion General"
"ETIQUETA: Email - Numero inválido | ESTADO: numero no valido | CONSULTA: Asesor: Hola, estoy conectada, te puedo ayudar en algo? Asesor: ¿Cómo estás? Cuéntame, ¿en que te puedo servir? Cliente: A VER SI POR FAVOR ME COTIZAS Asesor: Cual es tu nombre? Cliente: SALUDOS Aseso",COT,INF,CRM2,19/10/2024,numero no valido,Email - Numero inválido
"ETIQUETA: Informacion General | ESTADO: Contactado | CONSULTA: Asesor: Hola, estoy conectada, te puedo ayudar en algo? Cliente: Hacen envíos para España? Asesor: Cual es tu nombre? Cliente: Francisco Asesor: Excelente Francisco. Yo me encargo de ponerte en contac | NOTAS: SE ENVIÓ INFO POR MAIL SOBRE EXPORTACIÓN DE PRODUCTOS A ESPAÑA",INF,INF,CRM2,22/08/2024,Contactado,Informacion General
"ETIQUETA: Informacion General | ESTADO: Contactado | NOTAS: Se envió información general y catálogos,Información sobre microcemento, se encuentra en Guayaquil",INF,INF,CRM2,21/09/2023,Contactado,Informacion General
"ETIQUETA: Informacion General, Asesoramiento Tecnico | ESTADO: Cliente Frecuente | NOTAS: 90 m2 micro condado",TEC,INF,CRM1,06/07/2023,Cliente Frecuente,"Informacion General, Asesoramiento Tecnico"
"ETIQUETA: Informacion General, Pichincha, Construex | ESTADO: Contactado | NOTAS: CLIENTE CONSTRUEX INTERESADO EN ADITIVOS",TEC,INF,CRM2,30/07/2024,Contactado,"Informacion General, Pichincha, Construex"
"ETIQUETA: Informacion General | ESTADO: Contactado | NOTAS: se envío cotización , contacto referido de Martha",COT,INF,CRM1,24/03/2023,Contactado,Informacion General
"ETIQUETA: Informacion General | ESTADO: Contactado | CONSULTA: Asesor: Hola, estoy conectada, te puedo ayudar en algo? Cliente: Hola, buena tarde Asesor: ¿Cómo estás? Cuéntame, ¿en que te puedo servir? Cliente: necesito una cotización por microcemento Asesor: Cua | NOTAS: cotizacion de micro y concreto estampado para 282m2 para olon",COT,COT,CRM1,09/06/2023,Contactado,Informacion General
"ETIQUETA: Informacion General | ESTADO: Contactado | CONSULTA: Asesor: Hola, estoy conectada, te puedo ayudar en algo? Cliente: Hola me gustaría información de los productos y servicios que ofrecen Asesor: Cual es tu nombre? Cliente: Oscar Asesor: Excelente Oscar | NOTAS: se envió WhatsApp",INF,INF,CRM1,26/02/2023,Contactado,Informacion General
CIUDAD: Manta | MENSAJE: Nos puede enviar costos de productos porfavor,COT,COT,WhatsApp,27/5/2024,,
ETIQUETA: Email inválido | ESTADO: numero no valido | CONSULTA: ¡Hola! Me llamo Laura y estoy encantada de saludarte. Quería escribirte porque me ha parecido interesante comentar contigo la posibilidad de que tu negocio aparezca cada mes en *periódicos digitales c,INF,INF,CRM1,22/06/2023,numero no valido,Email inválido
CIUDAD: Manta | MENSAJE: Una consulta tenemos un cliente que necesita intervenir 140 m2 de Microcemento  en Manta,INF,INF,WhatsApp,9/9/2025,,
"ETIQUETA: Informacion General | ESTADO: En seguimiento | CONSULTA: Servicio de microcemento en piso, y también educarnos con cursos para este acabafo | NOTAS: se le envió información general y catálogos,,Se le remitió con el aplicador de Guayaquil",CUR,CUR,CRM2,06/08/2023,En seguimiento,Informacion General
"ETIQUETA: Cotización Obra, Cotizacion Materiales, Informacion General | ESTADO: En seguimiento | NOTAS: oficina Erika,Se envió WhatsApp de seguimiento",COT,COT,CRM1,21/04/2023,En seguimiento,"Cotización Obra, Cotizacion Materiales, Informacio"
ETIQUETA: Email - Numero inválido | ESTADO: Nuevo | NOTAS: SE ENVIO CATALOGOS Y PRESENTACION BASE DE DATOS,,INF,CRM1,23/03/2023,Nuevo,Email - Numero inválido
ETIQUETA: Informacion General | ESTADO: Contactado | NOTAS: INFO ACIDOS Y ECOLOGICOS,INF,INF,CRM2,18/09/2023,Contactado,Informacion General
ETIQUETA: Venta ganada | ESTADO: Venta ganada | NOTAS: se envio cotización microcemento por 120 m2 en cumbaya se programa visita dia martes 4 falta confirmar hora,VEN,INF,CRM1,31/03/2023,Venta ganada,Venta ganada
ETIQUETA: Email inválido | ESTADO: Nuevo,,INF,CRM1,06/03/2023,Nuevo,Email inválido
"ETIQUETA: Informacion General | ESTADO: Contactado | CONSULTA: Asesor: Hola, estoy conectada, te puedo ayudar en algo? Cliente: buenos dias Asesor: ¿Cómo estás? Cuéntame, ¿en que te puedo servir? Cliente: me gustaria comprar un molde Asesor: Cual es tu nombre? Cl | NOTAS: INFO MOLDES",INF,VEN,CRM2,17/09/2023,Contactado,Informacion General
ETIQUETA: Informacion General | ESTADO: Contactado | NOTAS: SE ENVIO INFROMACION GENERAL Y CATALOGOS,INF,INF,CRM2,20/11/2023,Contactado,Informacion General
CIUDAD: Loja | MENSAJE: Recuerden que el precio final dependerá del concreto u hormigon quw vayan a usar. Espesor resistencia etc etc,COT,COT,WhatsApp,25/6/2024,,
CIUDAD: Guayaquil | MENSAJE: Y la copia del contrato que usted dijo,INF,INF,WhatsApp,5/3/2026,,
"ETIQUETA: Informacion General | ESTADO: Contactado | CONSULTA: Asesor: Hola, estoy conectada, te puedo ayudar en algo? Cliente: buenas tardes Asesor: ¿Cómo estás? Cuéntame, ¿en que te puedo servir? Cliente: quisiera saber el costo de un material Asesor: Cual es t | NOTAS: Se envía catalogo general de nuestros productos.",COT,COT,CRM2,25/10/2024,Contactado,Informacion General
ETIQUETA: Informacion General | ESTADO: Contactado | NOTAS: se le envió información general,INF,INF,CRM2,08/08/2023,Contactado,Informacion General
"ETIQUETA: Informacion General | ESTADO: Contactado | CONSULTA: Asesor: Hola, estoy conectada, te puedo ayudar en algo? Cliente: buenas tardes busco información sobre el piso plantillado, costos , materiales Asesor: Cual es tu nombre? Cliente: Paul Asesor: Excelen | NOTAS: INFO C/E 30 m2 mitad del mundo",COT,COT,CRM2,10/09/2023,Contactado,Informacion General
"ETIQUETA: Informacion General | ESTADO: Contactado | CONSULTA: Quiero darle un acabado con cemento a mi parqueadero, serían casi 100metros cuadrados. Deseo saber el Valor estimado. La superficie está lista | NOTAS: desea colocar concreto estampado en su parqueadero,95 m2 de concreto estampado - valle de los chillos",COT,INF,CRM2,30/10/2023,Contactado,Informacion General
"ETIQUETA: Venta ganada, Informacion General | ESTADO: Contactado | NOTAS: se envio catálogos de ácidos y colores de microcemento",VEN,INF,CRM1,06/07/2023,Contactado,"Venta ganada, Informacion General"
"ETIQUETA: Informacion General | ESTADO: Contactado | CONSULTA: Asesor: Hola, estoy conectada, te puedo ayudar en algo? Cliente: Buenas noches, requiero cotizar concreto estampado Asesor: Cual es tu nombre? Cliente: Irene Asesor: Excelente Irene. Yo me encargo de  | NOTAS: cliente interesado en concreto decorativo, se envió información general y catalogo",COT,INF,CRM2,08/06/2024,Contactado,Informacion General
CIUDAD: Guayaquil | MENSAJE: ‎IMG-20240528-WA0015.jpg (archivo adjunto),,INF,WhatsApp,5/3/2026,,
ETIQUETA: Informacion General | ESTADO: Contactado | NOTAS: se envió WhatsApp e información y mail pigmentos,INF,INF,CRM1,13/02/2023,Contactado,Informacion General
"ETIQUETA: Cotizacion Materiales, Informacion General | ESTADO: Contactado | CONSULTA: Asesor: Hola, estoy conectada, te puedo ayudar en algo? Cliente: hola qusiera saber si ustedes poseen pigmento color tomate para hormigón ? Asesor: Cual es tu nombre? Cliente: Yadira Reinoso Asesor: Y | NOTAS: PIGMENTO 125 kg",COT,COT,CRM2,13/10/2023,Contactado,"Cotizacion Materiales, Informacion General"
CIUDAD: Guayaquil | MENSAJE: ‎PTT-20251014-WA0004.opus (archivo adjunto),,INF,WhatsApp,14/10/2025,,
"ETIQUETA: Informacion General | ESTADO: Contactado | NOTAS: CONSTRUCTORA,se envio información y catalogo general.",INF,INF,CRM2,29/05/2024,Contactado,Informacion General
"ETIQUETA: Informacion General | ESTADO: Contactado | CONSULTA: Asesor: Hola, estoy conectada, te puedo ayudar en algo? Cliente: Buenos días en Quito en que parte se encuentran Asesor: Cual es tu nombre? Cliente: Byron Hernández Asesor: Yo me encargo de ponerte en | NOTAS: info general",INF,INF,CRM2,01/08/2023,Contactado,Informacion General
"ETIQUETA: Informacion General | ESTADO: Contactado | CONSULTA: Asesor: Hola, estoy conectada, te puedo ayudar en algo? Cliente: Marina buenos días necesito ayuda mi número es 0992940496 Asesor: Cual es tu nombre? | NOTAS: SE ENVIÓ SALUDO GENERAL POR WHATSAPP",INF,INF,CRM2,05/08/2024,Contactado,Informacion General
CIUDAD: Quito | MENSAJE: Podrían enviar la ubicación del restaurante por favor,INF,INF,WhatsApp,28/3/2026,,
"ETIQUETA: Informacion General | ESTADO: Contactado | NOTAS: se le envió información general y catálogos,Interesado en la casa abierta y curos en Quito",CUR,INF,CRM2,24/08/2023,Contactado,Informacion General
ETIQUETA: Informacion General | ESTADO: Contactado | NOTAS: C/E LATACUNGA PROYECTO 300 M2 PRIMERO 26 M2,INF,INF,CRM2,30/08/2023,Contactado,Informacion General
"ETIQUETA: Informacion General | ESTADO: Contactado | CONSULTA: Asesor: Hola, estoy conectada, te puedo ayudar en algo? Cliente: Buenos días me gustaría asistir al evento Asesor: Cual es tu nombre? Cliente: Roger Nieto Asesor: Excelente Roger. Yo me encargo de pon | NOTAS: Cliente interesado en el curso, se envió información general quedo en confirmar",CUR,CUR,CRM2,11/04/2024,Contactado,Informacion General
CIUDAD: Manta | MENSAJE: Buenas noches gracias por la invitación,INF,INF,WhatsApp,4/3/2025,,
ETIQUETA: Email - Numero inválido | ESTADO: numero no valido | NOTAS: Numero incorrecto,,INF,CRM2,30/10/2023,numero no valido,Email - Numero inválido
"ETIQUETA: Venta ganada, Informacion General | ESTADO: Contactado | NOTAS: se le facturo materiales para microcemento para 30m2",VEN,INF,CRM1,29/05/2023,Contactado,"Venta ganada, Informacion General"
"ETIQUETA: Informacion General, Desuscripto | ESTADO: Contactado",INF,INF,CRM1,07/06/2023,Contactado,"Informacion General, Desuscripto"
ETIQUETA: Cotización Obra | ESTADO: Contactado | NOTAS: COTIZACION 150 M2 CE EN CUENCA,COT,COT,CRM2,02/04/2024,Contactado,Cotización Obra
ETIQUETA: Email - Numero inválido | ESTADO: En seguimiento | NOTAS: se envío catálogos y presentación,,SEG,CRM1,28/03/2023,En seguimiento,Email - Numero inválido
"ETIQUETA: Cotizacion Materiales, Informacion General | ESTADO: Contactado | NOTAS: Se le envió información general y catálogos,La obra esta en ambato, cliente remitido a un maestro en Ambato",COT,COT,CRM2,21/08/2023,Contactado,"Cotizacion Materiales, Informacion General"
ETIQUETA: Info sobre microcemento | ESTADO: Contactado | CONSULTA: Ayúdeme con el precio y la presentación del micro cemento para lechadas | NOTAS: SE CONTACTÓ POR WHATSAPP,COT,COT,CRM2,04/09/2024,Contactado,Info sobre microcemento
"ETIQUETA: Cotizacion Materiales, Informacion General | ESTADO: Contactado | CONSULTA: Asesor: Hola, estoy conectada, te puedo ayudar en algo? Cliente: Un producto que habia piedra flexible en pedazos muy Delgado todavia hay? Asesor: Cual es tu nombre? Cliente: Jim Asesor: Excelente Jim | NOTAS: mail de bienvenida, presencial micro 5 m2",COT,COT,CRM2,31/07/2023,Contactado,"Cotizacion Materiales, Informacion General"
ETIQUETA: Email - Numero inválido | ESTADO: Contactado | NOTAS: se envió presentación y catálogos,,INF,CRM1,28/03/2023,Contactado,Email - Numero inválido
"ETIQUETA: Informacion General | ESTADO: Contactado | CONSULTA: Asesor: Hola, estoy conectada, te puedo ayudar en algo? Cliente: Precios de los moldes para concreto Asesor: Cual es tu nombre? Cliente: Andrés Asesor: Excelente Andres. Yo me encargo de ponerte en co",COT,COT,CRM1,23/05/2023,Contactado,Informacion General
CIUDAD: Quito | MENSAJE: Estimados buenos días,INF,INF,WhatsApp,10/2/2026,,
CIUDAD: Guayaquil | MENSAJE: Ok comuníquense con Mayra por interno gracias,INF,INF,WhatsApp,16/9/2025,,
"ETIQUETA: Venta ganada, Informacion General | ESTADO: Contactado | NOTAS: vino a la oficina para ver y compro 20kg de microcemento y 1 galon de aditivo para hacer prueba",VEN,INF,CRM1,19/06/2023,Contactado,"Venta ganada, Informacion General"
CIUDAD: Quito | MENSAJE: Exacto asi mismo es !! A medida que uno le pierde el miedo va mejorando 😉,INF,INF,WhatsApp,13/5/2025,,
"ETIQUETA: Informacion General | ESTADO: Contactado | CONSULTA: Asesor: Hola, estoy conectada, te puedo ayudar en algo? Cliente: hola Asesor: ¿Cómo estás? Cuéntame, ¿en que te puedo servir? Cliente: quisiera saber si tienen un lugar dnde poder ver lo que son los t | NOTAS: INFO MICROCEMENTO",INF,INF,CRM2,23/10/2023,Contactado,Informacion General
"ETIQUETA: Cotización Obra | ESTADO: En seguimiento | NOTAS: desea hacer simulación de encofrado, primero se debe proceder con una prueba en una pared de 24 m2, se encuentra en Pifo",COT,SEG,CRM2,22/08/2023,En seguimiento,Cotización Obra
ETIQUETA: Informacion General | ESTADO: Contactado | NOTAS: SELLO POLIURETANO,INF,INF,CRM1,12/07/2023,Contactado,Informacion General
CIUDAD: Guayaquil | MENSAJE: Buenos días saludos 🤗,INF,INF,WhatsApp,5/3/2026,,
"ETIQUETA: No concretada, Informacion General | ESTADO: Contactado | NOTAS: FUERA DE SU PRESUPUESTO",COT,COT,CRM1,10/05/2023,Contactado,"No concretada, Informacion General"
CIUDAD: Guayaquil | MENSAJE: Muy buenas tardes a los nuevos aplicadores de Rocktec se les da la bienvenida a nuestro grupo....,INF,INF,WhatsApp,26/8/2025,,
ETIQUETA: Informacion General | ESTADO: Contactado | CONSULTA: Hola buenos días ustedes ven los productos o los instalan | NOTAS: Desea información sobre microcemento,INF,INF,CRM2,14/10/2023,Contactado,Informacion General
CIUDAD: Quito | MENSAJE: ‎IMG-20251201-WA0004.jpg (archivo adjunto),,INF,WhatsApp,1/12/2025,,
CIUDAD: Loja | MENSAJE: Cuánto tiempo tarda la instalación de 90m2 de microcemento en piso?,INF,INF,WhatsApp,6/11/2024,,
ETIQUETA: Envio masivo whasapp | ESTADO: Contactado | NOTAS: se envió WhatsApp con información,INF,INF,CRM1,22/02/2023,Contactado,Envio masivo whasapp
ETIQUETA: Informacion General | ESTADO: Nuevo | NOTAS: BASE DE DATOS,INF,INF,CRM1,23/03/2023,Nuevo,Informacion General
ETIQUETA: Informacion General | ESTADO: Contactado | CONSULTA: Por favor estoy interesada en el producto que venden para tener un acabado de hormigón visto consideramos que es una remodelación de una pared que antes tenía pintura y ahora quiero cambiar a hormigón | NOTAS: se envío información sobre microcemento - aplicación en pared,INF,INF,CRM2,26/05/2024,Contactado,Informacion General
CIUDAD: Quito | MENSAJE: Buenas tardes muchas gracias.,INF,INF,WhatsApp,30/3/2026,,
CIUDAD: Quito | MENSAJE: Apoyemos con un voto para Ecuador.,INF,INF,WhatsApp,30/8/2025,,
"ETIQUETA: Email - Numero inválido | ESTADO: Contactado | CONSULTA: Asesor: Hola, estoy conectada, te puedo ayudar en algo? Cliente: buenas tardes Asesor: ¿Cómo estás? Cuéntame, ¿en que te puedo servir? Cliente: me gustaria saber el costo de los oxidantes para concreo | NOTAS: Se envia mensaje a correo electrónico ya que el numero de celular no es valido.",COT,COT,CRM2,02/11/2024,Contactado,Email - Numero inválido
"ETIQUETA: Informacion General | ESTADO: Contactado | CONSULTA: Asesor: Hola, estoy conectada, te puedo ayudar en algo? Cliente: me puede ayudar con precio de m2 de hormigo estampado? Asesor: Cual es tu nombre? Cliente: Marlon Galarza Asesor: Excelente Marlon. Yo  | NOTAS: información general y catalogo, interesado en concreto estampado",COT,COT,CRM2,13/06/2024,Contactado,Informacion General
"ETIQUETA: Informacion General | ESTADO: Contactado | CONSULTA: Asesor: Hola, estoy conectada, te puedo ayudar en algo? Cliente: buenos dias Marina, como estas, te saluda la Arq. Carla Puente Asesor: Excelente Carla. Yo me encargo de ponerte en contacto con un ase",INF,INF,CRM1,27/02/2023,Contactado,Informacion General
ETIQUETA: Informacion General | ESTADO: Contactado | NOTAS: Información curso LOJA base de datos,CUR,CUR,CRM2,09/11/2023,Contactado,Informacion General
"ETIQUETA: Cotizacion Materiales, Informacion General | ESTADO: Contactado | NOTAS: 12 M2 C/E PARED",COT,COT,CRM2,01/09/2023,Contactado,"Cotizacion Materiales, Informacion General"
"ETIQUETA: Informacion General, Email inválido | ESTADO: En seguimiento | NOTAS: BASE DE DATOS CONSTRUEX - INTERESADO EN PRODUCTO/APLIACION",,SEG,CRM2,06/03/2024,En seguimiento,"Informacion General, Email inválido"
ETIQUETA: Email - Numero inválido | ESTADO: APLICADORES | NOTAS: CLIENTE CONSTRUEX,,INF,CRM2,18/07/2024,APLICADORES,Email - Numero inválido
CIUDAD: Guayaquil | MENSAJE: ‎IMG-20250717-WA0027.jpg (archivo adjunto),,INF,WhatsApp,17/7/2025,,
"ETIQUETA: Informacion General | ESTADO: En seguimiento | NOTAS: se envió información y catalogo general,cliente construex",INF,SEG,CRM2,26/04/2024,En seguimiento,Informacion General
"ETIQUETA: Informacion General | ESTADO: Contactado | CONSULTA: Asesor: Hola, estoy conectada, te puedo ayudar en algo? Cliente: Q cuesta el m2 de concreto estampado Asesor: Cual es tu nombre? Cliente: Maribel Asesor: Excelente Maribel. Yo me encargo de ponerte en | NOTAS: INFO CONCRETO ESTAMPADO",COT,INF,CRM2,23/10/2023,Contactado,Informacion General
ETIQUETA: Informacion General | ESTADO: Contactado | NOTAS: Se le envió información general y catálogos,INF,INF,CRM2,07/08/2023,Contactado,Informacion General
"ETIQUETA: Informacion General | ESTADO: Contactado | CONSULTA: Asesor: Hola, estoy conectada, te puedo ayudar en algo? Cliente: para psio necesito 133 m2 cual es el precio Asesor: Cual es tu nombre? Cliente: juan Asesor: Excelente Juan. Yo me encargo de ponerte e | NOTAS: Se envia catalago general de productos",COT,COT,CRM2,23/07/2024,Contactado,Informacion General
ETIQUETA: Informacion General | ESTADO: Contactado | NOTAS: MOLDES INFO,INF,INF,CRM1,26/06/2023,Contactado,Informacion General
ETIQUETA: Informacion General | ESTADO: APLICADORES | NOTAS: se envía información y catalogo general,INF,INF,CRM2,16/07/2024,APLICADORES,Informacion General
CIUDAD: Manta | MENSAJE: A la orden  Arq.,INF,INF,WhatsApp,9/9/2025,,
"ETIQUETA: Informacion General | ESTADO: Contactado | CONSULTA: Asesor: Hola, estoy conectada, te puedo ayudar en algo? Cliente: BUENAS TARDES.. ESTÁN ATENDIENDO? Asesor: Cual es tu nombre? Cliente: DEBORA Asesor: Excelente Debora. Yo me encargo de ponerte en cont | NOTAS: se envío información y catalogo general- cliente duplicado",INF,INF,CRM2,20/04/2024,Contactado,Informacion General
"ETIQUETA: Informacion General | ESTADO: Contactado | CONSULTA: Asesor: Hola, estoy conectada, te puedo ayudar en algo? Cliente: Buenos días Marina. Asesor: Cual es tu nombre? Cliente: Por favor quiero agendar una visita para el edificio Forum 300 ubicado en la Al | NOTAS: INFO GENERAL",INF,INF,CRM2,15/09/2023,Contactado,Informacion General
"CIUDAD: Manta | MENSAJE: ya le reenvié la información, verifique por favor 👍🏻",INF,INF,WhatsApp,25/4/2024,,
ETIQUETA: Email - Numero inválido | ESTADO: Nuevo | NOTAS: SE ENVIO CATALOGO Y PRESENTACION BASE DE DATOS,,INF,CRM1,23/03/2023,Nuevo,Email - Numero inválido
"ETIQUETA: Informacion General | ESTADO: Contactado | CONSULTA: Asesor: Hola, estoy conectada, te puedo ayudar en algo? Cliente: Buenas tardes, Frank Le saluda. Ustedes hacen el trabajo? A cómo esta el m2, cuál es el espesor? Es para un ingreso peatonal de mi casa | NOTAS: Se envió info, en espera de número de contacto para posible visita técnica",COT,INF,CRM2,22/07/2024,Contactado,Informacion General
CIUDAD: Manta | MENSAJE: Saludos  Euro el cliente necesita que le hagan ese acabado tipo  duela desencofrada,INF,INF,WhatsApp,2/4/2026,,
"CIUDAD: Quito | MENSAJE: Buen dia, es un gusto para nosotros poder integrarlos a este grupo donde vamos a compartir información de gran relevancia para sus aplicaciones.",INF,TEC,WhatsApp,29/5/2024,,
"ETIQUETA: Pichincha, Info sobre microcemento | ESTADO: Contactado | NOTAS: SE CONTACTÓ POR WHATSAPP",INF,INF,CRM2,28/08/2024,Contactado,"Pichincha, Info sobre microcemento"
"ETIQUETA: Informacion General, Pichincha | ESTADO: Construex | NOTAS: CLIENTE CONSTRUEX, INTERESADO EN CONCRETO ESTAMPADO",INF,INF,CRM2,30/07/2024,Construex,"Informacion General, Pichincha"
ETIQUETA: Venta ganada | ESTADO: Contactado | CONSULTA: Buenas tardes quisiera más información por favor | NOTAS: compra de materiales,VEN,VEN,CRM1,12/05/2023,Contactado,Venta ganada
"ETIQUETA: Envio masivo whasapp, Informacion General | ESTADO: En seguimiento | NOTAS: BASE DE DATOS CONSTRUEX - INTERESADO EN PRODUCTO/APLIACION",INF,SEG,CRM2,06/03/2024,En seguimiento,"Envio masivo whasapp, Informacion General"
"ETIQUETA: Informacion General, Email inválido | ESTADO: Contactado",,INF,CRM1,15/05/2023,Contactado,"Informacion General, Email inválido"
"ETIQUETA: Info sobre microcemento | ESTADO: Contactado | CONSULTA: Asesor: Hola, estoy conectada, te puedo ayudar en algo? Cliente: Buen dia, por favor necesito informacion tecnica, se puede instalar microcemento nuevo sobre uno mal instalado? Asesor: Cual es tu nomb",INF,TEC,CRM2,30/08/2024,Contactado,Info sobre microcemento
"CIUDAD: Loja | MENSAJE: ""Estimados aplicadores certificados de ROCKTEC,",CUR,INF,WhatsApp,2/5/2024,,
CIUDAD: Loja | MENSAJE: Tenemos  un cliente que requiere aplicación  de micro en loja,INF,INF,WhatsApp,7/11/2024,,
"ETIQUETA: Informacion General | ESTADO: Contactado | CONSULTA: Asesor: Hola, estoy conectada, te puedo ayudar en algo? Cliente: Hola Asesor: ¿Cómo estás? Cuéntame, ¿en que te puedo servir? Cliente: Necesitamos recubrimiento para una piscina Asesor: Cual es tu nom | NOTAS: se envió información y catalogo general",INF,INF,CRM2,20/02/2024,Contactado,Informacion General
ETIQUETA: Informacion General | ESTADO: Contactado | NOTAS: Se le envió información general y catálogos ?,INF,INF,CRM2,07/08/2023,Contactado,Informacion General
ETIQUETA: Informacion General | ESTADO: Contactado | NOTAS: se envió catalogos y presentación,INF,INF,CRM1,28/03/2023,Contactado,Informacion General
"ETIQUETA: Cotizacion Materiales, Cliente Derivado provincias, Oriente | ESTADO: Contactado | CONSULTA: Asesor: Hola, estoy conectada, te puedo ayudar en algo? Cliente: Saludos cuál es la ubicación de la empresa Asesor: Cual es tu nombre? Cliente: Fernando Montenegro Asesor: Excelente Fernando. Yo me en",COT,COT,CRM2,22/08/2024,Contactado,"Cotizacion Materiales, Cliente Derivado provincias"
"CIUDAD: Cuenca | MENSAJE: Con todos, un molde qué de la apariencia de piedra, 2  desmoldantes, no se el color",INF,INF,WhatsApp,24/11/2025,,
"ETIQUETA: Informacion General, Asesoramiento Tecnico | ESTADO: Contactado | NOTAS: Asesoramiento Tecnico",TEC,INF,CRM1,19/05/2023,Contactado,"Informacion General, Asesoramiento Tecnico"
ETIQUETA: Informacion General | ESTADO: Nuevo | NOTAS: se envió catalogo y presentación jeva,INF,INF,CRM1,06/04/2023,Nuevo,Informacion General
CIUDAD: Quito | MENSAJE: Tenga la amabilidad quiero hacer esta aplicación en la,INF,INF,WhatsApp,21/4/2026,,
"ETIQUETA: Informacion General | ESTADO: Contactado | CONSULTA: Asesor: Hola, estoy conectada, te puedo ayudar en algo? Cliente: Buena tarde que precio tiene el metro del concreto estampado Asesor: Cual es tu nombre? Cliente: Vicky Asesor: Excelente Vicky. Yo me e | NOTAS: info general",COT,COT,CRM2,31/07/2023,Contactado,Informacion General
ETIQUETA: Informacion General | ESTADO: Contactado | NOTAS: Se va a enviar correo electrónico adjuntando catalogo de nuestros productos.,INF,INF,CRM2,07/10/2024,Contactado,Informacion General
"ETIQUETA: Informacion General | ESTADO: Contactado | NOTAS: CLIENTE FERIA CLAVE CUMBAYA, INF GENERAL,se envió información general y catalogo",INF,INF,CRM2,25/06/2024,Contactado,Informacion General
"ETIQUETA: Informacion General | ESTADO: Contactado | NOTAS: Se le envió información general y catálogos,el cliente se encuentra en Ambato",INF,INF,CRM2,07/08/2023,Contactado,Informacion General
CIUDAD: Quito | MENSAJE: ‎IMG-20250717-WA0027.jpg (archivo adjunto),,INF,WhatsApp,17/7/2025,,
ETIQUETA: Informacion General | ESTADO: Contactado | NOTAS: informacion curso LOJA BASE DE DATOS,CUR,CUR,CRM2,09/11/2023,Contactado,Informacion General
CIUDAD: Guayaquil | MENSAJE: ‎STK-20250208-WA0004.webp (archivo adjunto),,INF,WhatsApp,28/8/2025,,
"ETIQUETA: Informacion General | ESTADO: Contactado | CONSULTA: Asesor: Hola, estoy conectada, te puedo ayudar en algo? Cliente: HOLA mARINA Asesor: ¿Cómo estás? Cuéntame, ¿en que te puedo servir? Asesor: Sigues ahí? Cliente: QUISIERA COTIZAR Asesor: Cual es tu no",COT,INF,CRM2,28/07/2023,Contactado,Informacion General
"ETIQUETA: Envio masivo whasapp | ESTADO: Contactado | NOTAS: Se envió WhatsApp masivo,se envió presentación",INF,INF,CRM1,16/02/2023,Contactado,Envio masivo whasapp
"ETIQUETA: Cotización Obra | ESTADO: Contactado | NOTAS: se le cotizó 35m2 de concreto estampado envio la cotizacion al area correspondiente, si tiene respuesta me avisa",COT,COT,CRM1,15/06/2023,Contactado,Cotización Obra
"CIUDAD: Manta | MENSAJE: ""Estimados aplicadores certificados de ROCKTEC,",CUR,INF,WhatsApp,25/4/2024,,
ETIQUETA: Informacion General | ESTADO: Contactado | NOTAS: INFO C/E + cotizacion moldes,COT,COT,CRM1,11/07/2023,Contactado,Informacion General
ETIQUETA: Email - Numero inválido | ESTADO: numero no valido | NOTAS: base de datos,,INF,CRM2,05/09/2023,numero no valido,Email - Numero inválido
"ETIQUETA: Informacion General | ESTADO: Contactado | NOTAS: se envío información general y catálogos,información concreto estampado",INF,INF,CRM2,30/10/2023,Contactado,Informacion General
"ETIQUETA: Envio masivo whasapp, Email - Numero inválido | ESTADO: Contactado | NOTAS: Se envió WhatsApp masivo,se envió información y presentación",,INF,CRM1,22/02/2023,Contactado,"Envio masivo whasapp, Email - Numero inválido"
"ETIQUETA: Informacion General | ESTADO: Contactado | CONSULTA: Asesor: Hola, estoy conectada, te puedo ayudar en algo? Cliente: En Guayaquil tienen alguien que dé el servicio de lo que ustedes muestran Asesor: Cual es tu nombre? Cliente: Silvia Asesor: Excelente  | NOTAS: INFO GENERAL",INF,INF,CRM2,10/02/2024,Contactado,Informacion General
CIUDAD: Quito | MENSAJE: Estamos gustosos de servirles,INF,INF,WhatsApp,26/8/2025,,
"ETIQUETA: Informacion General | ESTADO: Contactado | NOTAS: BASE CLIENTE/FERRETERIA,se envió información general y catálogos",INF,INF,CRM2,13/05/2024,Contactado,Informacion General
CIUDAD: Manta | MENSAJE: De que se trata el trabajo?,INF,INF,WhatsApp,2/4/2026,,
ETIQUETA: Informacion General | ESTADO: Contactado | NOTAS: Se envió whatsapp de presentación.y mail pigmentos,INF,INF,CRM1,13/02/2023,Contactado,Informacion General
"ETIQUETA: Informacion General | ESTADO: Nuevo | CONSULTA: Asesor: Hola, estoy conectada, te puedo ayudar en algo? Cliente: Cómo está para una cotización de 800 metro cuadrado en guayllabamba cuánto me saldría Asesor: Cual es tu nombre? Cliente: Pablo Asesor: | NOTAS: Se le envió un correo con la informacion",COT,INF,CRM2,05/08/2023,Nuevo,Informacion General
CIUDAD: Manta | MENSAJE: Saludos a todos que bueno tener el grupo para cualquier información y ayuda que nos podamos dar,INF,INF,WhatsApp,25/4/2024,,
ETIQUETA: Informacion General | ESTADO: Contactado | NOTAS: INFO CONCRETO ESTAMPADO,INF,INF,CRM2,03/10/2023,Contactado,Informacion General
ETIQUETA: Informacion General | ESTADO: Contactado | NOTAS: INFO MOLDES,INF,INF,CRM2,26/09/2023,Contactado,Informacion General
ETIQUETA: Email - Numero inválido | ESTADO: Nuevo | NOTAS: se envio correo catalogos,,INF,CRM1,20/03/2023,Nuevo,Email - Numero inválido
CIUDAD: Manta | MENSAJE: Este momento me llegaron 2 correos gracias,INF,INF,WhatsApp,25/4/2024,,
CIUDAD: Quito | MENSAJE: ‎VID-20250416-WA0011.mp4 (archivo adjunto),,INF,WhatsApp,14/4/2025,,
"ETIQUETA: Cotizacion Materiales, Informacion General | ESTADO: Contactado | NOTAS: 40 M2 MICRO PISO",COT,COT,CRM2,28/09/2023,Contactado,"Cotizacion Materiales, Informacion General"
"ETIQUETA: Informacion General | ESTADO: Contactado | CONSULTA: Asesor: Hola, estoy conectada, te puedo ayudar en algo? Cliente: hola buenos dias estoy buscando un molde para estampar de adoquin Asesor: Cual es tu nombre? Cliente: andres garcia Asesor: Excelente A | NOTAS: INFO MOLDES",INF,INF,CRM2,06/10/2023,Contactado,Informacion General
"ETIQUETA: Informacion General | ESTADO: Contactado | NOTAS: PROSPECTO FERIA CLAVE, INF, MICROCEMENTO,se envió información general y catalogo",INF,INF,CRM2,14/06/2024,Contactado,Informacion General
CIUDAD: Cuenca | MENSAJE: ‎IMG-20251123-WA0006.jpg (archivo adjunto),,INF,WhatsApp,23/11/2025,,
"ETIQUETA: Informacion General | ESTADO: Contactado | NOTAS: desea información de piso, aun no contesta",INF,INF,CRM2,26/10/2023,Contactado,Informacion General
ETIQUETA: Informacion General | ESTADO: Contactado | NOTAS: INFO MICRO 5 M2,INF,INF,CRM2,29/08/2023,Contactado,Informacion General
"ETIQUETA: Cotización Obra | ESTADO: Contactado | CONSULTA: Asesor: Hola, estoy conectada, te puedo ayudar en algo? Cliente: buenos dias tienen precio referencial del concreto estampado? Asesor: Cual es tu nombre? Asesor: Sigues ahí? Cliente: andrea Asesor: Ex | NOTAS: 115 M2 C ESTAMPADO",COT,COT,CRM2,20/05/2024,Contactado,Cotización Obra
"ETIQUETA: Cotización Obra | ESTADO: Contactado | CONSULTA: Asesor: Hola, estoy conectada, te puedo ayudar en algo? Cliente: Quiero arreglar el piso de mi parqueadero y esta opción de cemento decorativo me parece interesante Asesor: Cual es tu nombre? Cliente:",COT,INF,CRM2,24/08/2023,Contactado,Cotización Obra
"ETIQUETA: Informacion General | ESTADO: Contactado | CONSULTA: Asesor: Hola, estoy conectada, te puedo ayudar en algo? Cliente: necesto la ficha tecnica de un producto de adtivo Asesor: Cual es tu nombre? Cliente: yad Asesor: Yo me encargo de ponerte en contacto  | NOTAS: SOLO QUIERE FICHA TECNICA ADITIVO- NO QUIERE NADA MAS",TEC,TEC,CRM2,29/04/2024,Contactado,Informacion General
CIUDAD: Quito | MENSAJE: Buenas noches en qué materia es si no es micro,INF,INF,WhatsApp,29/11/2025,,
CIUDAD: Quito | MENSAJE: ‎VID-20250515-WA0001.mp4 (archivo adjunto),,INF,WhatsApp,14/5/2025,,
"ETIQUETA: Informacion General | ESTADO: Contactado | CONSULTA: Asesor: Hola, estoy conectada, te puedo ayudar en algo? Cliente: Hola Asesor: ¿Cómo estás? Cuéntame, ¿en que te puedo servir? Cliente: Contáctame por whatsapp 0998937470 Asesor: Cual es tu nombre? Cli | NOTAS: se envió información general y catalogo",INF,INF,CRM2,29/06/2024,Contactado,Informacion General
ETIQUETA: Informacion General | ESTADO: Contactado | NOTAS: se le cotizo microcemento 20 m2 materiales,INF,INF,CRM1,29/05/2023,Contactado,Informacion General
"ETIQUETA: Informacion General | ESTADO: Contactado | NOTAS: BASE CLIENTE/FERRETERIA,se envio información general y catálogos",INF,INF,CRM2,13/05/2024,Contactado,Informacion General
CIUDAD: Cuenca | MENSAJE: ‎IMG-20251125-WA0010.jpg (archivo adjunto),,INF,WhatsApp,25/11/2025,,
"ETIQUETA: Informacion General | ESTADO: Contactado | CONSULTA: Tengo unas betas de cuarzo blanco, y no se si ustedes la comercializan. | NOTAS: se envio infromacion general y catalogo, en espera de respuesta",INF,INF,CRM2,17/06/2024,Contactado,Informacion General
ETIQUETA: Informacion General | ESTADO: Contactado | NOTAS: SE ENVIO CATALGO Y PRESENTACION JEVA,INF,INF,CRM1,10/04/2023,Contactado,Informacion General
ETIQUETA: Asesoramiento Tecnico | ESTADO: Contactado | NOTAS: 2000 M2 C/E ACERAS TUMBACO -ARQU,TEC,INF,CRM2,19/09/2023,Contactado,Asesoramiento Tecnico
"ETIQUETA: Informacion General | ESTADO: Contactado | CONSULTA: Asesor: Hola, estoy conectada, te puedo ayudar en algo? Cliente: Hola. Estoy buscando un molde para bordes del jardín. Asesor: Cual es tu nombre? Cliente: Abigail Harding de Guayaquil. Asesor: Excelen | NOTAS: interesado en moldes, se le envio información general y catálogos",INF,INF,CRM2,15/05/2024,Contactado,Informacion General
"ETIQUETA: Informacion General | ESTADO: Contactado | CONSULTA: Asesor: Hola, estoy conectada, te puedo ayudar en algo? Cliente: buenos dias que precio tiene el micro cemento y cuantos metros cuadrados cubre Asesor: Cual es tu nombre? Cliente: hugo Asesor: Excelen | NOTAS: SE ENVIÓ INFO POR WHATSAPP",COT,COT,CRM2,26/08/2024,Contactado,Informacion General
"ETIQUETA: Cotización Obra, Informacion General | ESTADO: Contactado | NOTAS: 140 m2 C/E QUITO",COT,INF,CRM1,29/06/2023,Contactado,"Cotización Obra, Informacion General"
ETIQUETA: Email inválido | ESTADO: Nuevo | NOTAS: BASE CLIENTE/CONSTRUCTORA,,INF,CRM2,13/05/2024,Nuevo,Email inválido
"ETIQUETA: Informacion General | ESTADO: En seguimiento | NOTAS: CLIENTE CONSTRUEX, INTERESADO EN ADITIVO LIGANTE",TEC,SEG,CRM2,20/06/2024,En seguimiento,Informacion General
"ETIQUETA: Informacion General | ESTADO: Contactado | CONSULTA: Asesor: Hola, estoy conectada, te puedo ayudar en algo? Cliente: buenos dias Asesor: ¿Cómo estás? Cuéntame, ¿en que te puedo servir? Cliente: por favor me ayude con el precio del oxido de hierro Aseso | NOTAS: se envio información general",COT,COT,CRM2,26/06/2024,Contactado,Informacion General
"ETIQUETA: Informacion General | ESTADO: Contactado | CONSULTA: Saludos, quisiera saber en que lugar puedo ir a adquirir este material y obterner más información sobre sus beneficios y características. | NOTAS: SE ENVIÓ INFO POR WHATSAPP",INF,INF,CRM2,10/08/2024,Contactado,Informacion General
ETIQUETA: Email - Numero inválido | ESTADO: Nuevo | NOTAS: se envió presentación y catálogos,,INF,CRM1,14/03/2023,Nuevo,Email - Numero inválido
CIUDAD: Guayaquil | MENSAJE: ‎VID-20251220-WA0005.mp4 (archivo adjunto),,INF,WhatsApp,20/12/2025,,
"ETIQUETA: Informacion General | ESTADO: Contactado | NOTAS: BASE CLIENTE/CONSTRUCTORA,se envió información general y catálogos",INF,INF,CRM2,13/05/2024,Contactado,Informacion General
"ETIQUETA: Cliente Derivado provincias, Informacion General | ESTADO: Contactado | CONSULTA: Asesor: Hola, estoy conectada, te puedo ayudar en algo? Cliente: Hola, buenos días deseo cotizar para piso, el área aproximada 54mt2 y es para Olon Asesor: Cual es tu nombre? Cliente: Carolina Asesor: | NOTAS: INFORMACION PARA 54 M2 DE PISO",COT,INF,CRM2,19/09/2023,Contactado,"Cliente Derivado provincias, Informacion General"
ETIQUETA: Informacion General | ESTADO: En seguimiento | NOTAS: CLIENTE INTERESADO EN ADITIVO LIGANTE - CLIENTE CONSTRUEX,TEC,SEG,CRM2,05/04/2024,En seguimiento,Informacion General
CIUDAD: Loja | MENSAJE: Aproximadamente de 4a5 días depende de la habilidad de los maestros y del estado de la superficie,INF,INF,WhatsApp,6/11/2024,,
ETIQUETA: Email - Numero inválido | ESTADO: Nuevo | NOTAS: se envió mail y catálogos,,INF,CRM1,09/03/2023,Nuevo,Email - Numero inválido
ETIQUETA: Email - Numero inválido | ESTADO: Contactado | NOTAS: REPETIDO,,INF,CRM2,21/07/2023,Contactado,Email - Numero inválido
CIUDAD: Quito | MENSAJE: Buenas tardes arquitecta,INF,INF,WhatsApp,30/6/2025,,
ETIQUETA: Venta ganada | ESTADO: Venta ganada | NOTAS: compro 2kg de pigmento negro,VEN,INF,CRM1,08/05/2023,Venta ganada,Venta ganada
"CIUDAD: Manta | MENSAJE: buenas tardes estimado, por favor reenvíenos su correo tal ves esta mal escrito",INF,INF,WhatsApp,25/4/2024,,
CIUDAD: Cuenca | MENSAJE: Saludos cordiales tal vez algun maestro aplicador en Latacunga o Saquisili ?,INF,INF,WhatsApp,5/5/2026,,
"ETIQUETA: Informacion General | ESTADO: Contactado | NOTAS: se envío información general y catálogos,información de moldes - Guayaquil",INF,INF,CRM2,30/10/2023,Contactado,Informacion General
ETIQUETA: Email - Numero inválido | ESTADO: numero no valido | NOTAS: CLIENTE BASE CONSTRUEX,,INF,CRM2,11/04/2024,numero no valido,Email - Numero inválido
CIUDAD: Cuenca | MENSAJE: Chévere buen trabajo felicidades,INF,INF,WhatsApp,23/11/2025,,
"ETIQUETA: Informacion General | ESTADO: Contactado | CONSULTA: Asesor: Hola, estoy conectada, te puedo ayudar en algo? Cliente: Buenos días Asesor: ¿Cómo estás? Cuéntame, ¿en que te puedo servir? Cliente: Aparte de los moldes de ventas del catalogo, quizas cuenta | NOTAS: Cotizacion de moldes",COT,COT,CRM2,01/06/2024,Contactado,Informacion General
"CIUDAD: Manta | MENSAJE: Hola, me refiero a estas dos imágenes",INF,INF,WhatsApp,11/6/2024,,
ETIQUETA: Informacion General | ESTADO: Contactado | NOTAS: se envio catalogos y presentacion Clienty,INF,INF,CRM1,09/05/2023,Contactado,Informacion General
CIUDAD: Cuenca | MENSAJE: Buenos dias con todos.  Empezamos en 5 minutos  👍🏻,INF,INF,WhatsApp,22/11/2025,,
"ETIQUETA: Informacion General | ESTADO: Contactado | NOTAS: JEVA,se envió catalogo y presentación jeva",INF,INF,CRM1,05/04/2023,Contactado,Informacion General
ETIQUETA: Informacion General | ESTADO: Contactado | CONSULTA: Hormigon decorativo en pared | NOTAS: se envio catalogos y presentacion,INF,INF,CRM1,04/05/2023,Contactado,Informacion General
"ETIQUETA: Informacion General, Pichincha, Construex | ESTADO: Contactado | NOTAS: CLIENTE CONSTRUEX INTERESADO EN CONCRETO ESTAMPADO PARA PISO",INF,INF,CRM2,30/07/2024,Contactado,"Informacion General, Pichincha, Construex"
ETIQUETA: Email - Numero inválido | ESTADO: Contactado | NOTAS: se envio catalogo y presentacion agendas,,INF,CRM1,28/03/2023,Contactado,Email - Numero inválido
"CIUDAD: Loja | MENSAJE: Por molestarle, el color oro con cual se puede mezclar para bajarle un su intensidad, gracias por ayudarme.",INF,INF,WhatsApp,5/12/2024,,
"ETIQUETA: Informacion General | ESTADO: Contactado | CONSULTA: Asesor: Hola, estoy conectada, te puedo ayudar en algo? Cliente: Buenos días, por favor quisiera saber cuál es el costo del alquiler de los moldes y como puedo obtener una cotización de los materiales | NOTAS: desea información sobre moldes y cotización de materiales",COT,COT,CRM2,21/02/2024,Contactado,Informacion General
ETIQUETA: Informacion General | ESTADO: Contactado | NOTAS: Se le envio información general y catálogos,INF,INF,CRM2,15/08/2023,Contactado,Informacion General
CIUDAD: Quito | MENSAJE: https://vt.tiktok.com/ZSH14kPU7/,,INF,WhatsApp,27/3/2026,,
"ETIQUETA: Informacion General, Email inválido | ESTADO: Contactado | CONSULTA: Asesor: Hola, estoy conectada, te puedo ayudar en algo? Cliente: Buenos días quisiera saber si tienen esos moldes para piso de concreto que dan un acabado en forma de piedra con diseño Asesor: Excelen | NOTAS: MOLDES",INF,INF,CRM2,18/08/2023,Contactado,"Informacion General, Email inválido"
"ETIQUETA: Informacion General | ESTADO: Contactado | CONSULTA: Asesor: Hola, estoy conectada, te puedo ayudar en algo? Cliente: buenos dias...estoy necesitando comprar Sellante Acrilico brillante.....donde lo puedo comprar? yo vivo en guayaquil Asesor: Cual es tu | NOTAS: se envió información general y catalogo",INF,VEN,CRM2,10/07/2024,Contactado,Informacion General
"ETIQUETA: Cotización Obra, Cotizacion Materiales, Informacion General | ESTADO: En seguimiento | NOTAS: Se envió WhatsApp de seguimiento",COT,COT,CRM2,21/02/2024,En seguimiento,"Cotización Obra, Cotizacion Materiales, Informacio"
ETIQUETA: Informacion General | ESTADO: Contactado | NOTAS: Se envió información general y catálogos,INF,INF,CRM2,18/08/2023,Contactado,Informacion General
ETIQUETA: Email inválido | ESTADO: Contactado | NOTAS: numero repetido - base de datos,,INF,CRM2,05/09/2023,Contactado,Email inválido
"ETIQUETA: Informacion General | ESTADO: Contactado | CONSULTA: Asesor: Hola, estoy conectada, te puedo ayudar en algo? Cliente: BUEN DIA Asesor: Como estás? Contame, qué estabas buscando? Cliente: USTEDES REALIZAN PANELES DE MICROCEMENTO AQUI EN GUAYAQUIL Asesor: | NOTAS: se envió WhatsApp y catálogos 08/03",INF,INF,CRM1,08/03/2023,Contactado,Informacion General
ETIQUETA: Venta ganada | ESTADO: Venta ganada | NOTAS: se solicito datos para regularizar contrato,VEN,INF,CRM1,08/05/2023,Venta ganada,Venta ganada
"ETIQUETA: Informacion General | ESTADO: Contactado | CONSULTA: Asesor: Hola, estoy conectada, te puedo ayudar en algo? Cliente: Buenas noches xfavor dónde está la oficina y la planta , gracias Asesor: Cual es tu nombre? Asesor: Sigues ahí? Cliente: Leonardo Quing | NOTAS: INFO GENERAL",SEG,INF,CRM2,13/10/2023,Contactado,Informacion General
ETIQUETA: Informacion General | ESTADO: Contactado | NOTAS: se envió catálogos y presentación,INF,INF,CRM1,15/03/2023,Contactado,Informacion General
"ETIQUETA: Informacion General | ESTADO: Contactado | CONSULTA: Asesor: Hola, estoy conectada, te puedo ayudar en algo? Cliente: Hola Marina, me ha llamado la atención sus servicios y productos, desearía una cotización sobre el revestimiento de mi patio Asesor: Cu | NOTAS: se envió información de concreto estampado, vía correo",COT,INF,CRM2,20/11/2023,Contactado,Informacion General
"ETIQUETA: Informacion General | ESTADO: Contactado | CONSULTA: Hola, me gustaría conocer el precio por metro cuadrado del concreto estampado es para la rampa de un parqueadero | NOTAS: C/E PISO",COT,COT,CRM2,16/09/2023,Contactado,Informacion General
CIUDAD: Quito | MENSAJE: Bendecido día a todos,INF,INF,WhatsApp,1/12/2025,,
"ETIQUETA: Informacion General | ESTADO: Contactado | CONSULTA: Asesor: Hola, estoy conectada, te puedo ayudar en algo? Cliente: Buenas tardes, quiero saber si tienen un producto para lograr dar un acabado como de hormigón mediante el enlucido de una pared de bloq | NOTAS: INFO DUELAS",INF,INF,CRM2,29/04/2024,Contactado,Informacion General
ETIQUETA: Informacion General | ESTADO: Contactado | NOTAS: Se envio mensaje al cliente y se adjunto catalogo general de nuestros productos.,INF,INF,CRM2,07/10/2024,Contactado,Informacion General
"ETIQUETA: Informacion General | ESTADO: numero no valido | CONSULTA: My name is Aashiyana Ansari from Wolf Group, India. We are manufacturer and exporter of all kinds of ceramic tiles and sanitary ware products. We have been in the business since 2000 & Currently, We a | NOTAS: se envió información general y catálogos",INF,INF,CRM2,24/06/2024,numero no valido,Informacion General
"ETIQUETA: Informacion General | ESTADO: Contactado | NOTAS: CLIENTE FERIA CLAVE CUMBAYA, CLIENTE INTERESADO EN MICROCEMENTO ESTAMPADO",INF,INF,CRM2,20/06/2024,Contactado,Informacion General
CIUDAD: Manta | MENSAJE: Saludos a todos,INF,INF,WhatsApp,9/9/2025,,
"ETIQUETA: Envio masivo whasapp | ESTADO: Contactado | NOTAS: se envió información y presentación,Se envió WhatsApp masivo",INF,INF,CRM1,22/02/2023,Contactado,Envio masivo whasapp
CIUDAD: Loja | MENSAJE: Saludos si quieres  hacerlo mas tenue lo diluyes un poco en agua,INF,INF,WhatsApp,5/12/2024,,
"ETIQUETA: Email inválido | ESTADO: Nuevo | CONSULTA: Asesor: Hola, estoy conectada, te puedo ayudar en algo? Cliente: Señorita quisiera moldes para piso de cemento de patio mas o menos unos 300 metros cuadrados Asesor: Cual es tu nombre? Cliente: Javier",INF,INF,CRM2,18/10/2024,Nuevo,Email inválido
"ETIQUETA: Email - Numero inválido | ESTADO: numero no valido | CONSULTA: Asesor: Hola, estoy conectada, te puedo ayudar en algo? Cliente: Buenos días necesito asesoramiento del producto Asesor: Cual es tu nombre? Cliente: Mí nombre es Asesor: Yo me encargo de ponerte en co",INF,INF,CRM2,05/09/2023,numero no valido,Email - Numero inválido
ETIQUETA: Venta ganada | ESTADO: Contactado,VEN,INF,CRM1,13/04/2023,Contactado,Venta ganada
"ETIQUETA: Cotización Obra, Informacion General | ESTADO: Contactado | NOTAS: INFO GENERAL ENCOFRADO",COT,INF,CRM2,26/10/2023,Contactado,"Cotización Obra, Informacion General"
"ETIQUETA: Informacion General | ESTADO: Contactado | CONSULTA: Asesor: Hola, estoy conectada, te puedo ayudar en algo? Cliente: Buenos dias Asesor: ¿Cómo estás? Cuéntame, ¿en que te puedo servir? Cliente: Necesito mas información sobre tu producto Asesor: Cual es | NOTAS: INFO GENERAL",INF,INF,CRM2,29/04/2024,Contactado,Informacion General
ETIQUETA: Informacion General | ESTADO: Nuevo | NOTAS: Se envia mensaje al cliente y se adjunta catalogo general de productos.,INF,INF,CRM2,07/10/2024,Nuevo,Informacion General
ETIQUETA: Informacion General | ESTADO: Contactado | NOTAS: MOLDE DE HIERRO,INF,INF,CRM2,27/05/2024,Contactado,Informacion General
"ETIQUETA: Informacion General | ESTADO: Contactado | NOTAS: solicitó información sobre los cursos, está interesado",CUR,CUR,CRM2,03/08/2023,Contactado,Informacion General
CIUDAD: Quito | MENSAJE: Un piso que se le hizo hace 5 años atrás,INF,INF,WhatsApp,20/3/2025,,
ETIQUETA: Informacion General | ESTADO: Contactado | NOTAS: C/E ENTRADA IGLESIA 50 M2,INF,INF,CRM1,30/06/2023,Contactado,Informacion General
ETIQUETA: Informacion General | ESTADO: Nuevo,INF,INF,CRM1,28/03/2023,Nuevo,Informacion General
ETIQUETA: Construex | ESTADO: Construex | CONSULTA: INTERESADO EN MICROCEMENTO,INF,INF,CRM2,22/08/2024,Construex,Construex
"ETIQUETA: Cotizacion Materiales, Informacion General | ESTADO: Contactado | NOTAS: 40 M2 MICRO",COT,COT,CRM2,26/07/2023,Contactado,"Cotizacion Materiales, Informacion General"
CIUDAD: Quito | MENSAJE: Muy bien 👍🙌👏🏼👏🏼,INF,INF,WhatsApp,14/4/2025,,
ETIQUETA: Email - Numero inválido | ESTADO: Nuevo | NOTAS: se envio presentacion y catalogos jeve,,INF,CRM1,28/03/2023,Nuevo,Email - Numero inválido
CIUDAD: Quito | MENSAJE: Muy buenas tardes estimados clientes sean bienvenidos a este grupo de información...,INF,INF,WhatsApp,21/5/2025,,
"ETIQUETA: Informacion General | ESTADO: Contactado | NOTAS: BASE CLIENTE/CONSTRUCTORA,se envio informacion general y catalogos,se envió información vía correo",INF,INF,CRM2,13/05/2024,Contactado,Informacion General
"CIUDAD: Quito | MENSAJE: Deseo que le haga la Arquitecta de Roctec, en Microcemento una pequeña muestra, para ver cómo queda el efecto para poder ofrecer en la constructora en la que trabajo.",INF,INF,WhatsApp,29/11/2025,,
CIUDAD: Cuenca | MENSAJE: ‎VID-20251122-WA0004.mp4 (archivo adjunto),,INF,WhatsApp,22/11/2025,,
ETIQUETA: Venta ganada | ESTADO: Venta ganada | NOTAS: Requiere sello Acrílico al 27% y desmoldante gris lago agrio,VEN,INF,CRM2,02/02/2024,Venta ganada,Venta ganada
ETIQUETA: Informacion General | ESTADO: Contactado | NOTAS: se le envio a Jorge Medina obra en Guayaquil,INF,INF,CRM1,19/06/2023,Contactado,Informacion General
"ETIQUETA: Informacion General | ESTADO: Contactado | CONSULTA: Asesor: Hola, estoy conectada, te puedo ayudar en algo? Cliente: Buenas noches, Mi nombre es Karina Samaniego, confirmarme si uds. realizan trabajos en Gye, específicamente requiero contratar 80 m² ap",INF,INF,CRM1,27/06/2023,Contactado,Informacion General
"ETIQUETA: Informacion General | ESTADO: En seguimiento | NOTAS: CLIENTE CONSTRUEX, INF ADITIVO LIGANTE",TEC,SEG,CRM2,24/06/2024,En seguimiento,Informacion General
CIUDAD: Quito | MENSAJE: Muy buenas tardes con  una maquina  pulirdora para pisos de hormigon,INF,INF,WhatsApp,8/4/2026,,
CIUDAD: Loja | MENSAJE: ‎IMG-20241126-WA0000.jpg (archivo adjunto),,INF,WhatsApp,25/11/2024,,
CIUDAD: Manta | MENSAJE: Así q están en buenas manos 😉😎👍🏻,INF,INF,WhatsApp,25/4/2024,,
"ETIQUETA: Cotizacion Materiales, Informacion General | ESTADO: Contactado | CONSULTA: Asesor: Hola, estoy conectada, te puedo ayudar en algo? Cliente: Buenas noches Asesor: ¿Cómo estás? Cuéntame, ¿en que te puedo servir? Cliente: necesito aplicar sobre un piso de poliuretano cemento, u | NOTAS: INFO DE SELLO / 160 m2 de sello UV",COT,COT,CRM2,28/05/2024,Contactado,"Cotizacion Materiales, Informacion General"
CIUDAD: Quito | MENSAJE: Buenas tardes a todos,INF,INF,WhatsApp,17/2/2025,,
"ETIQUETA: Cotizacion Materiales, Informacion General | ESTADO: Contactado | NOTAS: INFO MOLDES/COTIZACION 600M2 CE",COT,COT,CRM2,29/05/2024,Contactado,"Cotizacion Materiales, Informacion General"
ETIQUETA: Email - Numero inválido | ESTADO: Nuevo | NOTAS: SE ENVIO CATALOGOS Y PRESENTACION,,INF,CRM1,20/03/2023,Nuevo,Email - Numero inválido
"CIUDAD: Guayaquil | MENSAJE: Amigos buenos dias ,, Tenemos un proyecto de 100 m2 de MIcrocemento en Ayangue , por favor alguien que quiera que le remita el cliente , me avisan",INF,INF,WhatsApp,2/4/2026,,
ETIQUETA: Informacion General | ESTADO: Contactado | NOTAS: SE EMVIO CATALOGOS Y PRESENTACION,INF,INF,CRM1,14/03/2023,Contactado,Informacion General
CIUDAD: Loja | MENSAJE: ‎IMG-20260422-WA0000.jpg (archivo adjunto),,INF,WhatsApp,21/4/2026,,
"ETIQUETA: Indo sobre concreto estampado | ESTADO: Contactado | CONSULTA: Asesor: Hola, estoy conectada, te puedo ayudar en algo? Cliente: Buenas tardes ,por favor requiero poner quarzo en un piso de hormigon de 220 m2 que cantidad requiero y el costo por favor. Asesor: Cua | NOTAS: Se contactó por whatsapp",COT,COT,CRM2,10/09/2024,Contactado,Indo sobre concreto estampado
"ETIQUETA: Informacion General, Oriente, Construex | ESTADO: Contactado | NOTAS: CLIENTE COSNTRUEX, INTERESADO EN ADITIVOS",TEC,INF,CRM2,30/07/2024,Contactado,"Informacion General, Oriente, Construex"
CIUDAD: Guayaquil | MENSAJE: Una excelente tarde,INF,INF,WhatsApp,27/8/2025,,
"ETIQUETA: Informacion General | ESTADO: Contactado | CONSULTA: Buenas noches, talvez tiene concreto de color? | NOTAS: El cliente deseaba información sobre pigmentos para hormigón, se le dio la información que va a transmitir a su cliente",INF,INF,CRM2,07/02/2024,Contactado,Informacion General
CIUDAD: Quito | MENSAJE: https://vm.tiktok.com/ZMSmrAkdt/,,INF,WhatsApp,20/6/2025,,
"ETIQUETA: Cotizacion Materiales, Informacion General | ESTADO: Contactado | CONSULTA: Asesor: Hola, estoy conectada, te puedo ayudar en algo? Cliente: hola Asesor: ¿Cómo estás? Cuéntame, ¿en que te puedo servir? Cliente: requiero informacion del microcemento Asesor: Cual es tu nombre?  | NOTAS: se le envió información general",COT,COT,CRM2,09/08/2023,Contactado,"Cotizacion Materiales, Informacion General"
CIUDAD: Quito | MENSAJE: ‎IMG-20250531-WA0009.jpg (archivo adjunto),,INF,WhatsApp,31/5/2025,,
"ETIQUETA: Cliente Derivado provincias, Informacion General | ESTADO: Contactado | NOTAS: 300 m2 portoviejo /vallejo/ no contesta cliente a la observacion si se contacto con aplicador",INF,INF,CRM1,12/06/2023,Contactado,"Cliente Derivado provincias, Informacion General"
"ETIQUETA: Guayas, Construex | ESTADO: Construex | CONSULTA: INTERESADA EN MICROCEMENTO",INF,INF,CRM2,22/08/2024,Construex,"Guayas, Construex"
"ETIQUETA: Cotizacion Materiales, Informacion General | ESTADO: Contactado | CONSULTA: Asesor: Hola, estoy conectada, te puedo ayudar en algo? Cliente: BUENOS DIAS Asesor: ¿Cómo estás? Cuéntame, ¿en que te puedo servir? Cliente: Me podria por favor ayudar con una cotizacion Asesor: Cual | NOTAS: se le envio cotizacion por 550m2 de microcemento",COT,COT,CRM1,29/06/2023,Contactado,"Cotizacion Materiales, Informacion General"
ETIQUETA: Informacion General | ESTADO: Contactado | NOTAS: se envió WhatsApp de información y mail pigmentos,INF,INF,CRM1,13/02/2023,Contactado,Informacion General
"ETIQUETA: Informacion General | ESTADO: Contactado | CONSULTA: Asesor: Hola, estoy conectada, te puedo ayudar en algo? Cliente: hola Asesor: ¿Cómo estás? Cuéntame, ¿en que te puedo servir? Cliente: queria saber donde comprar vuestro producto de acidos para concre | NOTAS: se envio informacion general y catalogo por correo",INF,VEN,CRM2,21/06/2024,Contactado,Informacion General
CIUDAD: Quito | MENSAJE: Esta semana proxima les  tenemos buenas noticias asi que esten atentos !!,INF,INF,WhatsApp,20/6/2025,,
ETIQUETA: Informacion General | ESTADO: Contactado | NOTAS: SE ENVIO CATALOGOS Y PRESENTACION BASE DE DATOS,INF,INF,CRM1,23/03/2023,Contactado,Informacion General
ETIQUETA: Venta ganada | ESTADO: Cliente Frecuente,VEN,INF,CRM1,16/05/2023,Cliente Frecuente,Venta ganada
"ETIQUETA: Informacion General | ESTADO: Contactado | NOTAS: se le envió información general,tiene un galpón de 800m2 con maquinaria muy pesada, no se recomienda colocar el material",INF,INF,CRM2,10/08/2023,Contactado,Informacion General
CIUDAD: Guayaquil | MENSAJE: Hola buenas noches mi estimado todo bien 👍,INF,INF,WhatsApp,28/8/2025,,
ETIQUETA: Informacion General | ESTADO: Contactado | NOTAS: CLIENTE DE CONSTRUEX - DESEABA CEMENTRO PULIDO EN IMBABURA,INF,INF,CRM2,12/03/2024,Contactado,Informacion General
CIUDAD: Guayaquil | MENSAJE: Buen día grupo disculpen que escriba x aqui pero es por el motivo que deseo comprar un galón de ácido oxidante pero por medio del WhatsApp de la empresa que dan respuesta será que alguien tiene algún otro contacto para poder comprar,VEN,VEN,WhatsApp,19/11/2025,,
CIUDAD: Manta | MENSAJE: Buenos días estimados clientes adjunto la lista de precios actualizados aqui pueden ver los precios con beneficios para nuestros aplicadores,COT,COT,WhatsApp,27/5/2025,,
"ETIQUETA: Email inválido | ESTADO: Nuevo | CONSULTA: Buenos dias, me gustaria cotizar oxido de hierro amarillo por favor",COT,INF,CRM2,05/12/2024,Nuevo,Email inválido
CIUDAD: Cuenca | MENSAJE: Vengan con ropa cómoda dispuestos a ensuciarse un poquito 😉,INF,INF,WhatsApp,21/11/2025,,
"ETIQUETA: Informacion General | ESTADO: Contactado | CONSULTA: Asesor: Hola, estoy conectada, te puedo ayudar en algo? Cliente: Buenos días, el kit de microcemento también sirve para decorar exteriores? Asesor: Cual es tu nombre? Cliente: Carlos Asesor: Excelente | NOTAS: Se adjunto catalogo general y catalogo microcemento.",TEC,INF,CRM2,11/07/2024,Contactado,Informacion General
CIUDAD: Quito | MENSAJE: Buenas tardes gracias por toda la información 👍,INF,INF,WhatsApp,30/3/2026,,
CIUDAD: Loja | MENSAJE: Hola buenos dias,INF,INF,WhatsApp,26/11/2024,,
CIUDAD: Cuenca | MENSAJE: Podria ser molde Mt49 que lo puedes ver en el catalogo..se puede usar cuarzo gris y desmoldante  gris obscuro,TEC,INF,WhatsApp,24/11/2025,,
CIUDAD: Manta | MENSAJE: ¡Saludos a todos 🙋🏻‍♀️!,INF,INF,WhatsApp,30/6/2025,,
CIUDAD: Quito | MENSAJE: ‎VID-20250513-WA0020.mp4 (archivo adjunto),,INF,WhatsApp,13/5/2025,,
ETIQUETA: Informacion General | ESTADO: Contactado | NOTAS: CLIENTE FERIA CLAVE CUMBAYA. INF. MICRO Y C/E,INF,INF,CRM2,20/06/2024,Contactado,Informacion General
"ETIQUETA: Envio masivo whasapp | ESTADO: Contactado | NOTAS: JEVA,Se envió WhatsApp masivo se envió catálogos y presentación pregunto por la venta de moldes",INF,INF,CRM1,21/03/2023,Contactado,Envio masivo whasapp
ETIQUETA: Informacion General | ESTADO: Contactado | NOTAS: CLIENTE FERIA CLAVE CUMBAYA. INF. MICRO,INF,INF,CRM2,28/06/2024,Contactado,Informacion General
CIUDAD: Cuenca | MENSAJE: Para este proyecto,INF,INF,WhatsApp,24/11/2025,,
"ETIQUETA: Informacion General | ESTADO: En seguimiento | NOTAS: CLIENTE CONSTRUEX,se envio informacion general y catalogo",INF,SEG,CRM2,27/05/2024,En seguimiento,Informacion General
CIUDAD: Quito | MENSAJE: Por favor tengo un cliente que necesita saber los precios más detallados en cuanto a concreto estampado,COT,COT,WhatsApp,29/3/2026,,
ETIQUETA: Email - Numero inválido | ESTADO: numero no valido | NOTAS: se envió información curso LOJA Base de datos LOJA,CUR,CUR,CRM2,09/11/2023,numero no valido,Email - Numero inválido
"ETIQUETA: Informacion General | ESTADO: Contactado | CONSULTA: Asesor: Hola, estoy conectada, te puedo ayudar en algo? Cliente: Buenas tardes cuentan con pigmento azul Asesor: Cual es tu nombre? Cliente: Kleber Maldonado Asesor: Yo me encargo de ponerte en contac | NOTAS: SE CONTACTÓ POR WHATSAPP",INF,INF,CRM2,16/08/2024,Contactado,Informacion General
"ETIQUETA: Informacion General | ESTADO: Contactado | CONSULTA: Asesor: Hola, estoy conectada, te puedo ayudar en algo? Cliente: Buenas tardes necesito saber el precio Asesor: Cual es tu nombre? Cliente: jaime Hinojosa Asesor: Excelente Jaime. Yo me encargo de pon | NOTAS: Se adjunta catálogos SJ.",COT,COT,CRM1,08/05/2023,Contactado,Informacion General
CIUDAD: Quito | MENSAJE: Recuerden que pueden hacerlo con laminas de acetato,INF,INF,WhatsApp,21/4/2026,,
"ETIQUETA: Informacion General | ESTADO: Contactado | CONSULTA: Asesor: Hola, estoy conectada, te puedo ayudar en algo? Cliente: Buenas tardes Asesor: ¿Cómo estás? Cuéntame, ¿en que te puedo servir? Cliente: necesito el costo del m2 del concreto estampado Asesor:  | NOTAS: se envió información sobre concreto estampado",COT,COT,CRM2,01/12/2023,Contactado,Informacion General
CIUDAD: Quito | MENSAJE: Chévere aún mantiene color y forma …,INF,INF,WhatsApp,20/3/2025,,
CIUDAD: Quito | MENSAJE: No se ve el video ? Disculpen pueden reenviar,INF,INF,WhatsApp,18/8/2025,,
ETIQUETA: Email - Numero inválido | ESTADO: Nuevo | NOTAS: se envió catalogo y mail,,INF,CRM1,09/03/2023,Nuevo,Email - Numero inválido
ETIQUETA: Informacion General | ESTADO: Contactado | NOTAS: se envió información general y catalogos,INF,INF,CRM2,05/10/2023,Contactado,Informacion General
CIUDAD: Quito | MENSAJE: Muy buenas tardes a los nuevos aplicadores de Rocktec se les da la bienvenida a nuestro grupo....,INF,INF,WhatsApp,26/8/2025,,
"CIUDAD: Cuenca | MENSAJE: Buenas tardes por favor me podrían ayudar, cual es el  precios por m2 de microcemeto y microconcreto 🙏🏻",COT,COT,WhatsApp,20/1/2026,,
ETIQUETA: Informacion General | ESTADO: Contactado | NOTAS: SE LE ENVIO LAS FOTOS DEL CONCRETO ESTAMPADO QUE SOLICITO VISITO LA OFICINA,INF,INF,CRM1,13/04/2023,Contactado,Informacion General
ETIQUETA: Informacion General | ESTADO: Contactado | NOTAS: se envió catálogos y presentación jeva,INF,INF,CRM1,03/04/2023,Contactado,Informacion General
"ETIQUETA: Informacion General | ESTADO: En seguimiento | NOTAS: CLIENTE BASE CONSTRUEX,se envio informacion general y catalogo",INF,SEG,CRM2,11/04/2024,En seguimiento,Informacion General
CIUDAD: Quito | MENSAJE: Obra realizada por Aplicador Maestro Patricio Suntasig <Se editó este mensaje.>,INF,INF,WhatsApp,19/6/2025,,
ETIQUETA: Informacion General | ESTADO: Contactado | NOTAS: se envia catalogos y presentacion jeva,INF,INF,CRM1,28/03/2023,Contactado,Informacion General
CIUDAD: Quito | MENSAJE: ‎IMG-20260302-WA0034.jpg (archivo adjunto),,INF,WhatsApp,2/3/2026,,
CIUDAD: Guayaquil | MENSAJE: Adjunto información,INF,INF,WhatsApp,22/5/2025,,
ETIQUETA: Informacion General | ESTADO: Contactado | NOTAS: se envia catalogos y presentacion,INF,INF,CRM1,08/05/2023,Contactado,Informacion General
"ETIQUETA: Envio masivo whasapp, Informacion General, Desuscripto | ESTADO: En seguimiento | NOTAS: BASE DE DATOS CONSTRUEX - INTERESADO EN PRODUCTO/APLIACION",INF,SEG,CRM2,06/03/2024,En seguimiento,"Envio masivo whasapp, Informacion General, Desuscr"
"CIUDAD: Quito | MENSAJE: Hola Martha, me podrias indicar un referente de precio m2 de instalacion de microcemento, para piso y pared. Gracias y buen dia.",COT,COT,WhatsApp,18/2/2025,,
CIUDAD: Loja | MENSAJE: Resiste bien a la fricción de las llantas del vehículo siempre y cuando se selle con poliuretanos.,TEC,INF,WhatsApp,20/10/2025,,
"ETIQUETA: Informacion General | ESTADO: Contactado | NOTAS: numero repetido,base de datos",INF,INF,CRM2,05/09/2023,Contactado,Informacion General
ETIQUETA: Informacion General | ESTADO: Nuevo | NOTAS: SE LE ENVIO COTIZACION,COT,COT,CRM1,28/03/2023,Nuevo,Informacion General
"ETIQUETA: Informacion General | ESTADO: Contactado | NOTAS: CLIENTE FERIA CLAVE. INF. MOLDES Y CURSO,se envio información del curso y catálogos",CUR,CUR,CRM2,19/06/2024,Contactado,Informacion General
CIUDAD: Quito | MENSAJE: ‎IMG-20250226-WA0035.jpg (archivo adjunto),,INF,WhatsApp,26/2/2025,,
ETIQUETA: Informacion General | ESTADO: Contactado | NOTAS: INFO GENERAL MOLDES,INF,INF,CRM2,29/11/2023,Contactado,Informacion General
CIUDAD: Quito | MENSAJE: Estamos a las órdenes 👌🏻😌,INF,INF,WhatsApp,30/3/2026,,
"ETIQUETA: Informacion General | ESTADO: Contactado | CONSULTA: Asesor: Hola, estoy conectada, te puedo ayudar en algo? Cliente: Buen día, ayúdeme con sus catálogos y precios del microcemento, puede ser el normal o cualquier variante Asesor: Cual es tu nombre? Cli | NOTAS: se envió información sobre microcemento",COT,COT,CRM2,12/04/2024,Contactado,Informacion General
"ETIQUETA: Informacion General | ESTADO: Contactado | CONSULTA: Asesor: Hola, estoy conectada, te puedo ayudar en algo? Cliente: Mui buenos días me puede ayudar con el precio del estampado con material o me pueden alquilar los moldes por favor Asesor: Cual es tu n",COT,COT,CRM1,13/04/2023,Contactado,Informacion General
CIUDAD: Manta | MENSAJE: Qué tipo de canastas ?,INF,INF,WhatsApp,5/3/2025,,
"ETIQUETA: Cotizacion Materiales, Informacion General | ESTADO: Contactado | NOTAS: 7 m2 c/e",COT,COT,CRM1,09/06/2023,Contactado,"Cotizacion Materiales, Informacion General"
ETIQUETA: Informacion General | ESTADO: Contactado | NOTAS: SE ENVIO CTALOGOS Y PRESENTACION,INF,INF,CRM1,05/05/2023,Contactado,Informacion General
"ETIQUETA: Informacion General | ESTADO: Contactado | CONSULTA: Asesor: Hola, estoy conectada, te puedo ayudar en algo? Cliente: buen día, necesito saber si pueden ayudarme para cotizar microcemento Asesor: Cual es tu nombre? Cliente: es para interior, dos departa | NOTAS: se envió información general y catálogos",COT,INF,CRM2,10/12/2023,Contactado,Informacion General
"ETIQUETA: Informacion General | ESTADO: Contactado | NOTAS: Se envió información general y catálogos,base de datos",INF,INF,CRM2,05/09/2023,Contactado,Informacion General
"CIUDAD: Manta | MENSAJE: ubicación: https://maps.google.com/?q=-1.0448622,-80.4787361",INF,INF,WhatsApp,4/3/2025,,
CIUDAD: Quito | MENSAJE: ‎IMG-20260331-WA0000.jpg (archivo adjunto),,INF,WhatsApp,30/3/2026,,
ETIQUETA: Informacion General | ESTADO: Contactado | NOTAS: CLIENTE CONSTRUEX,INF,INF,CRM2,09/05/2024,Contactado,Informacion General
"ETIQUETA: Cotizacion Materiales, Informacion General | ESTADO: Contactado | CONSULTA: Asesor: Hola, estoy conectada, te puedo ayudar en algo? Cliente: nadie contesta a los telefonos buenos dias Asesor: Cual es tu nombre? Cliente: rosa Asesor: Excelente Rosa. Yo me encargo de ponerte en | NOTAS: se envió información general y catalogo",COT,COT,CRM2,15/07/2024,Contactado,"Cotizacion Materiales, Informacion General"
"ETIQUETA: Informacion General | ESTADO: Contactado | NOTAS: Se le envió la información, no está registrado",INF,INF,CRM2,24/07/2023,Contactado,Informacion General
CIUDAD: Loja | MENSAJE: Si tenemos ese molde para alquiler,INF,INF,WhatsApp,22/4/2026,,
CIUDAD: Manta | MENSAJE: o tal vez si tiene un correo Gmail para reenviarle ☺️👍🏻,INF,INF,WhatsApp,25/4/2024,,
ETIQUETA: Informacion General | ESTADO: Contactado | NOTAS: SE ENVIO PRESENTACION Y CATALOGOS,INF,INF,CRM1,14/03/2023,Contactado,Informacion General
ETIQUETA: Desuscripto | ESTADO: numero no valido | NOTAS: base de datos,,INF,CRM2,05/09/2023,numero no valido,Desuscripto
"ETIQUETA: Informacion General | ESTADO: Contactado | NOTAS: CLIENTE FERIA CLAVE CUMBAYA . INF, MICRO,se envió información y catalogo general",INF,INF,CRM2,20/06/2024,Contactado,Informacion General
CIUDAD: Loja | MENSAJE: Para instalaciones de ese tipo mejor hacerlo con pisos industriales que soportan choques térmicos y caída constante de agua y sangre,INF,TEC,WhatsApp,7/11/2024,,
"ETIQUETA: Pichincha, Construex | ESTADO: Construex | CONSULTA: INTERESADO EN MICROCEMENTO PARA BAÑOS",INF,INF,CRM2,22/08/2024,Construex,"Pichincha, Construex"
"ETIQUETA: Informacion General | ESTADO: Contactado | CONSULTA: Asesor: Hola, estoy conectada, te puedo ayudar en algo? Cliente: Buenas tardes Marina Asesor: Cual es tu nombre? Cliente: Luis Asesor: Excelente Luis. Yo me encargo de ponerte en contacto con un aseso",INF,INF,CRM2,23/09/2023,Contactado,Informacion General
"ETIQUETA: Informacion General | ESTADO: Contactado | CONSULTA: Asesor: Hola, estoy conectada, te puedo ayudar en algo? Cliente: Buenos días, precio por m2 ? Asesor: Cual es tu nombre? Asesor: Cliente: Erick Asesor: Yo me encargo de ponerte en contacto con un ases | NOTAS: se le envió precios de micro y concreto estampado",COT,COT,CRM1,17/07/2023,Contactado,Informacion General
CIUDAD: Loja | MENSAJE: Buenas noches disculpe la hora,INF,INF,WhatsApp,21/4/2026,,
CIUDAD: Quito | MENSAJE: Alguien me puede ayudar donde consigo estas placas,INF,INF,WhatsApp,2/3/2026,,
ETIQUETA: Informacion General | ESTADO: Contactado | CONSULTA: Me pueden ayudar si tienen topes de llantas de concreto. Gracias | NOTAS: se envió información general y catálogos,INF,INF,CRM2,10/11/2023,Contactado,Informacion General
ETIQUETA: Email - Numero inválido | ESTADO: Nuevo,,INF,CRM1,13/02/2023,Nuevo,Email - Numero inválido
ETIQUETA: Construex | ESTADO: Construex,INF,INF,CRM2,27/08/2024,Construex,Construex
"ETIQUETA: Informacion General | ESTADO: Contactado | CONSULTA: Asesor: Hola, estoy conectada, te puedo ayudar en algo? Cliente: Hola buenos días, me ayuda como salen los moldes Asesor: Cual es tu nombre? Cliente: JACKSON Asesor: Excelente Jackson. Yo me encargo d | NOTAS: información sobre moldes",INF,INF,CRM2,25/09/2023,Contactado,Informacion General
"ETIQUETA: Informacion General | ESTADO: Contactado | CONSULTA: Asesor: Hola, estoy conectada, te puedo ayudar en algo? Cliente: buenas tardes para preguntarle cuanto cuesta el microcemento Asesor: Cual es tu nombre? Cliente: Juan Sangurima Asesor: Excelente Juan. | NOTAS: Se adjunta catálogo",COT,INF,CRM1,17/04/2023,Contactado,Informacion General
"ETIQUETA: Informacion General | ESTADO: Contactado | NOTAS: Se le envió información general y del curso,base de datos",CUR,CUR,CRM2,05/09/2023,Contactado,Informacion General
ETIQUETA: Informacion General | ESTADO: Contactado | NOTAS: solicita informacion pero su hermano tambien mariana direccionada Santiago Gutierrez,INF,INF,CRM1,05/06/2023,Contactado,Informacion General
ETIQUETA: Email inválido | ESTADO: Nuevo | NOTAS: se envió mails y catálogos,,INF,CRM1,09/03/2023,Nuevo,Email inválido
CIUDAD: Quito | MENSAJE: Buenos días aquí tenemos este video para darnos cuenta el movimiento de la llana que el maestro hace.,INF,INF,WhatsApp,29/3/2026,,
ETIQUETA: Cotización Obra | ESTADO: Contactado | NOTAS: MICRO 110 M2 PISO,COT,INF,CRM2,07/02/2024,Contactado,Cotización Obra
"ETIQUETA: Cotizacion Materiales, Informacion General | ESTADO: Contactado | NOTAS: enviar cotización para pared de microcemento",COT,COT,CRM1,14/06/2023,Contactado,"Cotizacion Materiales, Informacion General"
CIUDAD: Quito | MENSAJE: Las flores son hechas con algún objeto manual,INF,INF,WhatsApp,29/11/2025,,
ETIQUETA: Informacion General | ESTADO: Contactado | NOTAS: se le envío el numero de Oscar Cazares Ibarra,INF,INF,CRM1,11/07/2023,Contactado,Informacion General
"ETIQUETA: Informacion General | ESTADO: Contactado | NOTAS: CLIENTE FERIA CLAVE CUMBAYA, INTERESADO EN MATERIALES",INF,INF,CRM2,20/06/2024,Contactado,Informacion General
ETIQUETA: Informacion General | ESTADO: Contactado | NOTAS: SE ENVIO PRESENTACIO Y CATALOGOS JEVA,INF,INF,CRM1,11/04/2023,Contactado,Informacion General
CIUDAD: Quito | MENSAJE: Depende el estructurado de gymsup,INF,INF,WhatsApp,18/6/2025,,
CIUDAD: Cuenca | MENSAJE: ‎VID-20251123-WA0005.mp4 (archivo adjunto),,INF,WhatsApp,23/11/2025,,
CIUDAD: Cuenca | MENSAJE: ‎CATALOGO DE MOLDES ACTUALES .pdf (archivo adjunto),,INF,WhatsApp,24/11/2025,,
"ETIQUETA: Informacion General | ESTADO: Contactado | CONSULTA: Asesor: Hola, estoy conectada, te puedo ayudar en algo? Cliente: Buen día, por favor requiero de microcemento para 12 metros cuadrados Asesor: Cual es tu nombre? Cliente: Sebastián Asesor: Excelente S | NOTAS: se le envió información general y catálogos",INF,INF,CRM2,26/08/2023,Contactado,Informacion General
CIUDAD: Guayaquil | MENSAJE: ok el dia de manana les enviamos mas material para no saturar el chat,INF,INF,WhatsApp,5/3/2026,,
"ETIQUETA: Informacion General | ESTADO: Contactado | CONSULTA: Asesor: Hola, estoy conectada, te puedo ayudar en algo? Cliente: Hola Asesor: ¿Cómo estás? Cuéntame, ¿en que te puedo servir? Cliente: Estoy interesado en comprar o alquilar moldes de estampado de con | NOTAS: INFO MOLDES",INF,VEN,CRM2,19/04/2024,Contactado,Informacion General
"ETIQUETA: No concretada, Informacion General | ESTADO: Contactado | NOTAS: MICRO 5M2 - ALTO EL PRECIO",COT,COT,CRM1,09/06/2023,Contactado,"No concretada, Informacion General"
"ETIQUETA: Email inválido | ESTADO: Contactado | CONSULTA: Asesor: Hola, estoy conectada, te puedo ayudar en algo? Cliente: Buenas tardes quiero realizar macetas en concreto disponen de pigmentos que me puedan servir? Que tipo de concreto me recomendaría? Ase | NOTAS: Necesita información sobre que material puede usar para macetas de concreto, se le envió información general y catálogos",INF,INF,CRM2,06/09/2023,Contactado,Email inválido
ETIQUETA: Informacion General | ESTADO: Contactado | NOTAS: se envia presentacion y catalogos,INF,INF,CRM1,03/05/2023,Contactado,Informacion General
"ETIQUETA: Envio masivo whasapp | ESTADO: Contactado | NOTAS: Se envió WhatsApp masivo,se envió información y presentación",INF,INF,CRM1,22/02/2023,Contactado,Envio masivo whasapp
ETIQUETA: Informacion General | ESTADO: Contactado | NOTAS: INFO ENDURECEDOR,INF,INF,CRM2,06/02/2024,Contactado,Informacion General
CIUDAD: Quito | MENSAJE: ‎IMG-20250326-WA0022.jpg (archivo adjunto),,INF,WhatsApp,26/3/2025,,
ETIQUETA: Informacion General | ESTADO: Contactado | NOTAS: el envió información general y catálogos,INF,INF,CRM2,09/11/2023,Contactado,Informacion General
CIUDAD: Quito | MENSAJE: Muy buenas tardes compañeros y muchas gracias a los señores de ROCKTEC  por tomarnos en cuenta,INF,INF,WhatsApp,17/2/2025,,
CIUDAD: Quito | MENSAJE: Por favor tiene un costo,COT,COT,WhatsApp,27/3/2026,,
CIUDAD: Quito | MENSAJE: Arq buenas noches el fondo blanco seria el mismo precio del fondo gris le pregunto por qué yo necesito para 225 M2 de fondo blanco,COT,COT,WhatsApp,17/2/2025,,
"ETIQUETA: Informacion General | ESTADO: Contactado | NOTAS: PROSPECTO FERIA CLAVE, INF. MICROCEMENTO",INF,INF,CRM2,14/06/2024,Contactado,Informacion General
CIUDAD: Quito | MENSAJE: ‎IMG-20250226-WA0037.jpg (archivo adjunto),,INF,WhatsApp,26/2/2025,,
CIUDAD: Loja | MENSAJE: Muy buenas tardes a los nuevos aplicadores de Rocktec se les da la bienvenida a nuestro grupo....,INF,INF,WhatsApp,26/8/2025,,
ETIQUETA: Informacion General | ESTADO: Contactado | CONSULTA: Requiero información de los moldes | NOTAS: se le envió información general,INF,INF,CRM2,09/08/2023,Contactado,Informacion General
CIUDAD: Cuenca | MENSAJE: Muchas gracias 🙌,INF,INF,WhatsApp,4/12/2025,,
CIUDAD: Loja | MENSAJE: ‎IMG-20260422-WA0002.jpg (archivo adjunto),,INF,WhatsApp,22/4/2026,,
"CIUDAD: Loja | MENSAJE: Buenas tardes. Por favor, me pueden ayudar con el precio del m2 de concreto estampado en paredes con oxidos y en estampado tipo piedra?",COT,COT,WhatsApp,6/1/2025,,
"ETIQUETA: Venta ganada, Email inválido | ESTADO: Venta ganada | NOTAS: YA SE REALIZO OBRA CON ELLOS",,INF,CRM1,14/06/2023,Venta ganada,"Venta ganada, Email inválido"
"ETIQUETA: Informacion General | ESTADO: Contactado | CONSULTA: Asesor: Hola, estoy conectada, te puedo ayudar en algo? Cliente: Hola Marina, somos fabricantes de pigmento para cemento y microcemento, me gustaria contactar con tu departamento tecnico o de compras  | NOTAS: cliente interesado en proveernos de materiales como pigmentos, se le envio un email",INF,VEN,CRM2,15/03/2024,Contactado,Informacion General
"ETIQUETA: Informacion General, Email inválido | ESTADO: Contactado | CONSULTA: Buenos dias, me preguntaba si me podrian ayudar con una cotisacion por metro cuadrado para este producto. | NOTAS: INFO GENERAL",COT,INF,CRM2,08/05/2024,Contactado,"Informacion General, Email inválido"
"CIUDAD: Loja | MENSAJE: Saludos a todos , adjunto lista de precios de los kits de microcemento para aplicadores",COT,COT,WhatsApp,16/5/2024,,
"ETIQUETA: Cliente Derivado provincias, Informacion General | ESTADO: Contactado | NOTAS: CLIENTE DIRECCIONADO GYE 330M2 CE",INF,INF,CRM2,30/05/2024,Contactado,"Cliente Derivado provincias, Informacion General"
"ETIQUETA: Informacion General | ESTADO: En seguimiento | NOTAS: CLIENTE BASE CONSTRUEX,se envio información general",INF,SEG,CRM2,11/04/2024,En seguimiento,Informacion General
"ETIQUETA: Cotizacion Materiales, Informacion General | ESTADO: Contactado | NOTAS: Necesita hacer un trabajo de concreto estampado en Cuenca",COT,COT,CRM2,21/08/2023,Contactado,"Cotizacion Materiales, Informacion General"
CIUDAD: Quito | MENSAJE: Muy buenas tardes con todos sean bienvenidos al primer Grupo de Aplicadores 2025 de Rocktec,INF,INF,WhatsApp,17/2/2025,,
CIUDAD: Guayaquil | MENSAJE: Se eliminó este mensaje.,INF,INF,WhatsApp,5/3/2026,,
CIUDAD: Quito | MENSAJE: Se eliminó este mensaje.,INF,INF,WhatsApp,14/5/2025,,
"CIUDAD: Loja | MENSAJE: Buenas tardes, por favor me pueden ayudar con algunos productos. Nadie contesta en ventas.",INF,INF,WhatsApp,17/12/2024,,
"CIUDAD: Quito | MENSAJE: Hola buen día,  muchas gracias la recomendación",INF,INF,WhatsApp,2/3/2026,,
ETIQUETA: Informacion General | ESTADO: En seguimiento | NOTAS: CLIENTE INTERESADO EN ADITIVO - CLIENTE CONSTRUEX,TEC,SEG,CRM2,04/04/2024,En seguimiento,Informacion General
ETIQUETA: Informacion General | ESTADO: Contactado | CONSULTA: We at Proplus Exim are a leading manufacturer and exporter of construction equipment. Our expertise lies in developing advanced technology and infrastructure for construction equipment. We proudly ser | NOTAS: Se envia mensaje al cliente y se adjunta catlogo general de productos.,INF,INF,CRM2,06/12/2024,Contactado,Informacion General
ETIQUETA: Informacion General | ESTADO: En seguimiento | NOTAS: CLIENTE INTERESADO EN LIMPIATEC - CLIENTE CONSTRUEX,INF,SEG,CRM2,04/04/2024,En seguimiento,Informacion General
ETIQUETA: Construex | ESTADO: Construex | CONSULTA: INTERESADO EN LIMPIADORES INDUSTRIALES,INF,INF,CRM2,22/08/2024,Construex,Construex
"ETIQUETA: Informacion General, Email inválido | ESTADO: Contactado | NOTAS: se envió información general y catálogos",,INF,CRM2,06/09/2023,Contactado,"Informacion General, Email inválido"
ETIQUETA: Email inválido | ESTADO: Contactado | NOTAS: compro microcemento para hacer prueba,,INF,CRM2,25/07/2023,Contactado,Email inválido
CIUDAD: Quito | MENSAJE: Luego lo sellas o lo dejas asi ?,INF,INF,WhatsApp,20/6/2025,,
CIUDAD: Quito | MENSAJE: Los precios de los kits son en cemento gris??,COT,COT,WhatsApp,17/2/2025,,
CIUDAD: Guayaquil | MENSAJE: ‎IMG-20260219-WA0000.jpg (archivo adjunto),,INF,WhatsApp,5/3/2026,,
"ETIQUETA: Indo sobre concreto estampado | ESTADO: Contactado | CONSULTA: Asesor: Hola, estoy conectada, te puedo ayudar en algo? Cliente: Buenas tardes Asesor: ¿Cómo estás? Cuéntame, ¿en que te puedo servir? Cliente: Venden tálvez los moldes para hacer diseños en cemento A | NOTAS: Se encia mensaje al cliente y se adjunta catalogo de Concreto Estampado.",INF,INF,CRM2,13/12/2024,Contactado,Indo sobre concreto estampado
CIUDAD: Quito | MENSAJE: Muchas gracias por lá bienvenida el entusiasmo y la actitud  de mi parte es lo que más entregaré.,INF,INF,WhatsApp,27/3/2026,,
"ETIQUETA: Informacion General | ESTADO: Contactado | CONSULTA: Asesor: Hola, estoy conectada, te puedo ayudar en algo? Cliente: Buenos días Marina, tengo una pared interior, subsuelo, con humedad, necesito saber si existe algún panel para cubrir esa pared? Asesor | NOTAS: paredes con humedad",INF,INF,CRM2,04/03/2024,Contactado,Informacion General
"CIUDAD: Quito | MENSAJE: va a depender si vas a utilizar o no malla y fondos ... de ser asi el costo apro material y mano de obra $ 25.00 mas iva , si no usas malla y fondo aprox $ 17.00 mas iva esto seria 3 manos de micro y sellado nada mas",COT,COT,WhatsApp,7/4/2026,,
ETIQUETA: Informacion General | ESTADO: Contactado | NOTAS: desea un kit de 5 microcemento para piso,INF,INF,CRM2,27/07/2023,Contactado,Informacion General
CIUDAD: Guayaquil | MENSAJE: ‎PTT-20251220-WA0006.opus (archivo adjunto),,INF,WhatsApp,20/12/2025,,
"ETIQUETA: Informacion General | ESTADO: Contactado | CONSULTA: Asesor: Hola, estoy conectada, te puedo ayudar en algo? Cliente: Buenas tardes, Asesor: ¿Cómo estás? Cuéntame, ¿en que te puedo servir? Cliente: quisera consultar que precio tiene el endurecedor de co | NOTAS: INFO ENDURECEDOR DE COLOR",COT,COT,CRM2,12/09/2023,Contactado,Informacion General
ETIQUETA: Venta ganada | ESTADO: Contactado | NOTAS: ECO Y SELLO 15%,VEN,INF,CRM1,13/04/2023,Contactado,Venta ganada
"ETIQUETA: Informacion General | ESTADO: Contactado | CONSULTA: Asesor: Hola, estoy conectada, te puedo ayudar en algo? Cliente: buenos días Asesor: ¿Cómo estás? Cuéntame, ¿en que te puedo servir? Cliente: quisiera cotizar el concreto estampado para exterior Aseso | NOTAS: Se envió información y catalogo general",COT,INF,CRM2,18/07/2024,Contactado,Informacion General
"ETIQUETA: Informacion General | ESTADO: Contactado | CONSULTA: Asesor: Hola, estoy conectada, te puedo ayudar en algo? Cliente: Me ayuda con la ubicacion para poderme dirigirme gracias Asesor: Cual es tu nombre? Cliente: Julio Guacollante Asesor: Excelente Julio. | NOTAS: el cliente desea visitar nuestras oficinas,se le envió la ubicación, esta interesado en moldes",INF,INF,CRM2,20/06/2024,Contactado,Informacion General
CIUDAD: Loja | MENSAJE: Nosotros cobramos entre 23 y 25 dol m2 cualquier acabado en paredes . Mas iva,COT,INF,WhatsApp,6/1/2025,,
ETIQUETA: Informacion General | ESTADO: Contactado | NOTAS: SE ENVIO MENSAJE DE SOLICITUD DE MAESTROS se envió información del curso,CUR,CUR,CRM2,24/07/2023,Contactado,Informacion General
"ETIQUETA: Informacion General | ESTADO: Contactado | CONSULTA: Asesor: Hola, estoy conectada, te puedo ayudar en algo? Cliente: Dónde puedo conseguir los productos del micro cemento? Asesor: Cual es tu nombre? Cliente: Angel Asesor: Excelente Angel. Yo me encargo | NOTAS: se envio informacion general",INF,INF,CRM2,17/06/2024,Contactado,Informacion General
"ETIQUETA: Informacion General | ESTADO: En seguimiento | NOTAS: CLIENTE BASE CONSTRUEX,se envió información por correo",INF,SEG,CRM2,11/04/2024,En seguimiento,Informacion General
ETIQUETA: Informacion General | ESTADO: Contactado | NOTAS: INFO LISTA PRECIOS,COT,COT,CRM2,10/11/2023,Contactado,Informacion General
"ETIQUETA: Informacion General | ESTADO: Contactado | CONSULTA: Asesor: Hola, estoy conectada, te puedo ayudar en algo? Cliente: Necesito microcemento para 17 metros cuadrados Asesor: Cual es tu nombre? Cliente: Enrique Asesor: Excelente Enrique. Yo me encargo de ",INF,INF,CRM1,16/05/2023,Contactado,Informacion General
ETIQUETA: Informacion General | ESTADO: Contactado | NOTAS: MICRO 5 M2,INF,INF,CRM2,22/08/2023,Contactado,Informacion General
"ETIQUETA: Informacion General | ESTADO: Contactado | CONSULTA: Asesor: Hola, estoy conectada, te puedo ayudar en algo? Cliente: Los precios del ácido por favor Asesor: Cual es tu nombre? Cliente: Elizabeth Asesor: Excelente Elizabeth. Yo me encargo de ponerte en  | NOTAS: cliente interesado en ácidos, se envió información general y catálogos",COT,COT,CRM2,08/07/2024,Contactado,Informacion General
"ETIQUETA: Informacion General | ESTADO: Contactado | CONSULTA: Asesor: Hola, estoy conectada, te puedo ayudar en algo? Cliente: BUENAS DIAS Asesor: ¿Cómo estás? Cuéntame, ¿en que te puedo servir? Asesor: Sigues ahí? Cliente: estoy buscando pigmentos, negro y diox | NOTAS: info pigmentos",INF,INF,CRM2,15/05/2024,Contactado,Informacion General
"ETIQUETA: Informacion General | ESTADO: Contactado | CONSULTA: Asesor: Hola, estoy conectada, te puedo ayudar en algo? Cliente: Hola buen día., estoy buscando un producto sellador a base de agua mate o semi mate, para una losa de hormigon de 25 m2 totalmente al e | NOTAS: se envio información general y catalogo",INF,INF,CRM2,18/06/2024,Contactado,Informacion General
ETIQUETA: Informacion General | ESTADO: En seguimiento | NOTAS: Cliente interesado en microcemento - Cliente de Construex,INF,SEG,CRM2,03/04/2024,En seguimiento,Informacion General
CIUDAD: Manta | MENSAJE: Buenos días por favor tal vez algún aplicador en Los Ríos (Buena fé)??,INF,INF,WhatsApp,8/10/2025,,
CIUDAD: Manta | MENSAJE: Aún no hemos recibido la información por correo,INF,INF,WhatsApp,25/4/2024,,
"ETIQUETA: Informacion General | ESTADO: Contactado | CONSULTA: Asesor: Hola, estoy conectada, te puedo ayudar en algo? Cliente: Buena tardes Asesor: ¿Cómo estás? Cuéntame, ¿en que te puedo servir? Cliente: Quisiera un kit para revestir un baño y ducha, leí que se | NOTAS: cliente duplicado",INF,INF,CRM2,05/06/2024,Contactado,Informacion General
ETIQUETA: Informacion General | ESTADO: Contactado | CONSULTA: Trabajo de acabado en pardes | NOTAS: se envió información general y catalogo,INF,INF,CRM2,29/06/2024,Contactado,Informacion General
"ETIQUETA: Cotizacion Materiales, Informacion General, Asesoramiento Tecnico | ESTADO: En seguimiento | CONSULTA: Cotización de material para 2420m2 de Microcemento | NOTAS: 2420 M2 DE MICRO CONCORDIA",COT,COT,CRM2,26/01/2024,En seguimiento,"Cotizacion Materiales, Informacion General, Asesor"
ETIQUETA: Informacion General | ESTADO: Contactado | NOTAS: se le envió información general y los catálogos,INF,INF,CRM2,04/08/2023,Contactado,Informacion General
"ETIQUETA: Informacion General | ESTADO: Contactado | CONSULTA: Buen día, hace unos años realicé el curso de concreto decorativo con ustedes y me interesa realizar construcciones con su tipo de acabados, pero me es vital saber si ustedes poseen un sellador para pi | NOTAS: Se envió catalogo general",TEC,CUR,CRM2,08/07/2024,Contactado,Informacion General
"ETIQUETA: Informacion General | ESTADO: Contactado | CONSULTA: Asesor: Hola, estoy conectada, te puedo ayudar en algo? Cliente: Buenas nochs Asesor: ¿Cómo estás? Cuéntame, ¿en que te puedo servir? Cliente: por favor quisiera saber si tienen showroon en donde pued",INF,INF,CRM2,21/07/2024,Contactado,Informacion General
"ETIQUETA: Cotizacion Materiales, Informacion General | ESTADO: Cliente Frecuente | NOTAS: 380 M2 MICRO",COT,COT,CRM1,12/06/2023,Cliente Frecuente,"Cotizacion Materiales, Informacion General"
ETIQUETA: Informacion General | ESTADO: Contactado | NOTAS: Se envia mensaje al cliente y se adjunta catlogo general de productos.,INF,INF,CRM2,07/10/2024,Contactado,Informacion General
ETIQUETA: Informacion General | ESTADO: Contactado | NOTAS: Información curso LOJA Numero repetido,CUR,CUR,CRM2,09/11/2023,Contactado,Informacion General
ETIQUETA: Informacion General | ESTADO: Contactado | NOTAS: INFO MICRO 100 M2,INF,INF,CRM2,15/08/2023,Contactado,Informacion General
"CIUDAD: Manta | MENSAJE: Perfecto, estoy a la orden",INF,INF,WhatsApp,2/4/2026,,
CIUDAD: Quito | MENSAJE: ‎STK-20260330-WA0023.webp (archivo adjunto),,INF,WhatsApp,30/3/2026,,
"ETIQUETA: Informacion General | ESTADO: Contactado | CONSULTA: Asesor: Hola, estoy conectada, te puedo ayudar en algo? Cliente: Hola Marina. Fabrican pigmentos fotoluminiscentes??? Asesor: Cual es tu nombre? Cliente: Yoana Almaguer Asesor: Yo me encargo de ponert | NOTAS: Se envió información general catálogo de pigmentos.",INF,INF,CRM2,22/06/2024,Contactado,Informacion General
"ETIQUETA: Informacion General | ESTADO: Contactado | CONSULTA: Asesor: Hola, estoy conectada, te puedo ayudar en algo? Cliente: buenos días me podría ayudar con el precio de la presentación de 5kg del pigmento en polvo para hormigones. Asesor: Cual es tu nombre?  | NOTAS: Se envio información general y catalogo",COT,COT,CRM2,13/07/2024,Contactado,Informacion General
ETIQUETA: Informacion General | ESTADO: Contactado | NOTAS: Erika le dio Cotización,COT,INF,CRM1,24/03/2023,Contactado,Informacion General
"ETIQUETA: Informacion General | ESTADO: Contactado | CONSULTA: Asesor: Hola, estoy conectada, te puedo ayudar en algo? Cliente: Dispone de concreto para novalosa Asesor: Cual es tu nombre? Cliente: Jennifer Asesor: Excelente Jennifer. Yo me encargo de ponerte en ",INF,INF,CRM1,11/04/2023,Contactado,Informacion General
CIUDAD: Quito | MENSAJE: ‎IMG-20250531-WA0005.jpg (archivo adjunto),,INF,WhatsApp,31/5/2025,,
ETIQUETA: Informacion General | ESTADO: Contactado | NOTAS: APLICADORA,INF,INF,CRM1,23/05/2023,Contactado,Informacion General
"ETIQUETA: Email - Numero inválido, Email inválido | ESTADO: numero no valido",,INF,CRM2,09/11/2023,numero no valido,"Email - Numero inválido, Email inválido"
"ETIQUETA: Informacion General | ESTADO: Nuevo | CONSULTA: Asesor: Hola, estoy conectada, te puedo ayudar en algo? Cliente: busco moldes para estampar concreto Asesor: Cual es tu nombre? Cliente: ll Asesor: Yo me encargo de ponerte en contacto con un asesor e",INF,INF,CRM1,15/05/2023,Nuevo,Informacion General
"ETIQUETA: Informacion General | ESTADO: En seguimiento | NOTAS: CLIENTE BASE CONSTRUEX,se envio información general y catalogo",INF,SEG,CRM2,11/04/2024,En seguimiento,Informacion General
ETIQUETA: Email - Numero inválido | ESTADO: Nuevo | NOTAS: se envio presentacion y catalogos jeva,,INF,CRM1,28/03/2023,Nuevo,Email - Numero inválido
"ETIQUETA: Informacion General | ESTADO: Contactado | NOTAS: CLIENTE FERIA CLAVE CUMBAYA,",INF,INF,CRM2,20/06/2024,Contactado,Informacion General
ETIQUETA: Venta ganada | ESTADO: Contactado | NOTAS: micro cemento para 60 m2 adicional óxidos y micro para hacer pruebas,VEN,INF,CRM2,21/11/2023,Contactado,Venta ganada
ETIQUETA: Informacion General | ESTADO: Contactado | NOTAS: ARQUITECTOS,INF,INF,CRM2,29/05/2024,Contactado,Informacion General
CIUDAD: Manta | MENSAJE: Muy buenas tardes a los nuevos aplicadores de Rocktec se les da la bienvenida a nuestro grupo....,INF,INF,WhatsApp,26/8/2025,,
CIUDAD: Quito | MENSAJE: ‎IMG-20250326-WA0023.jpg (archivo adjunto),,INF,WhatsApp,26/3/2025,,
"ETIQUETA: Informacion General | ESTADO: Contactado | NOTAS: ARQUITECTOS, se adjunta catálogo. SJ",INF,INF,CRM2,29/05/2024,Contactado,Informacion General
CIUDAD: Quito | MENSAJE: ‎IMG-20251201-WA0036.jpg (archivo adjunto),,INF,WhatsApp,1/12/2025,,
"CIUDAD: Cuenca | MENSAJE: Muy buenos dias estimados tengan un excelente Viernes por favor necesito un maestro aplicador en Cuenca, hay  alguien disponible por favor?????",INF,INF,WhatsApp,27/3/2026,,
"ETIQUETA: Guayas, Construex | ESTADO: Construex | CONSULTA: INTERESADA EN MICROCEMENTO PARA BAÑOS",INF,INF,CRM2,22/08/2024,Construex,"Guayas, Construex"
ETIQUETA: Email - Numero inválido | ESTADO: Nuevo | NOTAS: SE ENVIO CATALOGO Y PRESENTACION,,INF,CRM1,20/03/2023,Nuevo,Email - Numero inválido
ETIQUETA: Email inválido | ESTADO: Nuevo | NOTAS: se envió catalogo y presentación,,INF,CRM1,13/03/2023,Nuevo,Email inválido
CIUDAD: Cuenca | MENSAJE: Por favor traten de venir a las 8am para poder hacer los registros  con tiempo,INF,INF,WhatsApp,21/11/2025,,
CIUDAD: Quito | MENSAJE: Muchas gracias 👍🏻,INF,INF,WhatsApp,26/8/2025,,
"ETIQUETA: Informacion General | ESTADO: Contactado | CONSULTA: Asesor: Hola, estoy conectada, te puedo ayudar en algo? Cliente: Buenas noches Marina, quisiera saber cual es el precio aproximado de mt2 de concreto estampado para pisos Asesor: Cual es tu nombre? Cl | NOTAS: C/E INFO GENERAL",COT,COT,CRM2,18/01/2024,Contactado,Informacion General
"ETIQUETA: Informacion General | ESTADO: Contactado | CONSULTA: Asesor: Hola, estoy conectada, te puedo ayudar en algo? Cliente: Hola están en gye ? Asesor: Cual es tu nombre? Cliente: Lisseth guillen Asesor: Yo me encargo de ponerte en contacto con un asesor espe | NOTAS: información general y catálogos",INF,INF,CRM2,21/05/2024,Contactado,Informacion General
ETIQUETA: Informacion General | ESTADO: Contactado | NOTAS: INFO ALBAÑIL,INF,INF,CRM1,14/06/2023,Contactado,Informacion General
ETIQUETA: Informacion General | ESTADO: Contactado | NOTAS: Se envió información general y catalogo de micro,INF,INF,CRM2,20/06/2024,Contactado,Informacion General
ETIQUETA: Informacion General | ESTADO: Contactado | NOTAS: info moldes y acabados,INF,INF,CRM1,11/05/2023,Contactado,Informacion General
"ETIQUETA: Cotización Obra, Informacion General, Asesoramiento Tecnico | ESTADO: Contactado | NOTAS: C/E - MANTA PISO 140 M2 / COTIZACION ASISTENCIA TECNICA",COT,COT,CRM2,26/09/2023,Contactado,"Cotización Obra, Informacion General, Asesoramient"
CIUDAD: Manta | MENSAJE: Este lo tenemos y cuesta 15 dol,COT,INF,WhatsApp,12/6/2024,,
ETIQUETA: Informacion General | ESTADO: Contactado | NOTAS: Se envia mensaje al cliente y se adjunta catalogo general de productos.,INF,INF,CRM2,07/10/2024,Contactado,Informacion General
"ETIQUETA: Cotización Obra, Informacion General | ESTADO: Contactado | NOTAS: 856 M2 PROYECYO MICRO CASAS CALDERON",COT,INF,CRM1,14/07/2023,Contactado,"Cotización Obra, Informacion General"
"ETIQUETA: Cotizacion Materiales, Asesoramiento Tecnico | ESTADO: Contactado | NOTAS: 500 m2 c/e ASISTENCIA TECNICA",COT,COT,CRM2,03/04/2024,Contactado,"Cotizacion Materiales, Asesoramiento Tecnico"
ETIQUETA: Informacion General | ESTADO: Contactado | NOTAS: se envio catálogos y presentacion jeva,INF,INF,CRM1,04/04/2023,Contactado,Informacion General
"ETIQUETA: Informacion General | ESTADO: Contactado | CONSULTA: Asesor: Hola, estoy conectada, te puedo ayudar en algo? Cliente: buenas tardes Asesor: ¿Cómo estás? Cuéntame, ¿en que te puedo servir? Cliente: estoy buscando microcemento Asesor: Cual es tu nombre? C | NOTAS: info microcemento",INF,INF,CRM2,13/03/2024,Contactado,Informacion General
CIUDAD: Quito | MENSAJE: ¿Qué ha pasado con ese piso? No se entiende el mensaje que tratan de dar con ese video y los comentarios que le acompañan.,INF,INF,WhatsApp,2/7/2025,,
"ETIQUETA: Informacion General | ESTADO: Nuevo | CONSULTA: Asesor: Hola, estoy conectada, te puedo ayudar en algo? Cliente: hola Asesor: ¿Cómo estás? Cuéntame, ¿en que te puedo servir? Asesor: Cliente: tengo preguntas sobre un piso que quiero colocar Asesor:  | NOTAS: Se adjunto catalogo general de productos.",INF,INF,CRM2,27/08/2024,Nuevo,Informacion General
CIUDAD: Manta | MENSAJE: Tenemos un cliente en Portoviejo que requiere hacer unos acabados en concreto entablonado,INF,INF,WhatsApp,28/1/2026,,
ETIQUETA: Informacion General | ESTADO: Contactado | NOTAS: Se envio información general y catálogos,INF,INF,CRM2,21/09/2023,Contactado,Informacion General
ETIQUETA: Informacion General | ESTADO: Contactado | NOTAS: SE ENVIO CATALOGO Y PRESENTACION JEVA,INF,INF,CRM1,22/03/2023,Contactado,Informacion General
"ETIQUETA: Cotizacion Materiales, Informacion General | ESTADO: Contactado | NOTAS: INFO MATERIALES C/E",COT,COT,CRM2,27/10/2023,Contactado,"Cotizacion Materiales, Informacion General"
ETIQUETA: Cotizacion Materiales | ESTADO: Contactado | NOTAS: se le envió precio del concreto estampado y los números de los maestros,COT,COT,CRM1,05/07/2023,Contactado,Cotizacion Materiales
ETIQUETA: Informacion General | ESTADO: Contactado | NOTAS: se envio presentacion y catalogos agendas,INF,INF,CRM1,28/03/2023,Contactado,Informacion General
ETIQUETA: Informacion General | ESTADO: Contactado | NOTAS: SE envia mensaje al cliente y se adjunta catalogo general de productos.,INF,INF,CRM2,07/10/2024,Contactado,Informacion General
"ETIQUETA: Venta ganada, Informacion General | ESTADO: Contactado | CONSULTA: Asesor: Hola, estoy conectada, te puedo ayudar en algo? Cliente: Buenas tardes, me ayudaría con información sobre los pigmentos Asesor: Cual es tu nombre? Cliente: Gema Loor Asesor: Yo me encargo de p | NOTAS: SE ENVIÓ INFO POR WHATSAPP SOBRE PIGMENTOS",VEN,INF,CRM2,23/08/2024,Contactado,"Venta ganada, Informacion General"
ETIQUETA: Cotizacion Materiales | ESTADO: Contactado | NOTAS: PIDIO MOLDES Y PISON ( COMPRA ),COT,COT,CRM2,01/08/2023,Contactado,Cotizacion Materiales
CIUDAD: Cuenca | MENSAJE: Los catálogos de moldes son dos .. el primero son de los moldes que disponemos en bodega  para  alquiler y el segundo  de los que tenemos para venta con tiempo de entrega de 12 a 15 dias aprox,INF,INF,WhatsApp,24/11/2025,,
"ETIQUETA: Informacion General | ESTADO: APLICADORES | NOTAS: CLIENTE CONSTRUEX,se envió información y catalogo general",INF,INF,CRM2,18/07/2024,APLICADORES,Informacion General
CIUDAD: Cuenca | MENSAJE: Pequeño proyecto  ????,INF,INF,WhatsApp,23/11/2025,,
ETIQUETA: Desuscripto | ESTADO: En seguimiento | NOTAS: CLIENTE BASE CONSTRUEX,INF,SEG,CRM2,11/04/2024,En seguimiento,Desuscripto
"ETIQUETA: Informacion General | ESTADO: Contactado | CONSULTA: Asesor: Hola, estoy conectada, te puedo ayudar en algo? Cliente: Hola Asesor: ¿Cómo estás? Cuéntame, ¿en que te puedo servir? Cliente: mas información del precio del kit d microcemento de 20m2 y d 10m | NOTAS: Se adjunta catalogo general de nuestros productos.",COT,COT,CRM2,28/08/2024,Contactado,Informacion General
CIUDAD: Guayaquil | MENSAJE: Básicamente  la diferencia entre las dos lineas de producto es que la Linea Premiun esta fabricada con materia prima Alemana que la importamos directamente.,INF,INF,WhatsApp,30/6/2025,,
"CIUDAD: Quito | MENSAJE: ""Estimados aplicadores certificados de ROCKTEC,",CUR,INF,WhatsApp,29/5/2024,,
"ETIQUETA: Informacion General | ESTADO: Contactado | NOTAS: Erika le envió cotización para concreto estampado 63m2, Galápagos. Se envía información y adjunta catálogos. SJ",COT,VEN,CRM1,06/04/2023,Contactado,Informacion General
ETIQUETA: Informacion General | ESTADO: Contactado | CONSULTA: Costo por m2 Gracias | NOTAS: cliente incomodo porque se cobra la visita técnica,COT,COT,CRM1,05/07/2023,Contactado,Informacion General
"ETIQUETA: Informacion General | ESTADO: Contactado | NOTAS: cliente interesado en microcemento, se envió información general y catalogo",INF,INF,CRM2,11/07/2024,Contactado,Informacion General
"ETIQUETA: Informacion General | ESTADO: Contactado | NOTAS: CLIENTE FERIA CLAVE CUMBAYA, INF MICRO Y C/E",INF,INF,CRM2,20/06/2024,Contactado,Informacion General
CIUDAD: Cuenca | MENSAJE: Eso incluye mano de obra y material,INF,INF,WhatsApp,20/1/2026,,
CIUDAD: Cuenca | MENSAJE: ‎PTT-20260120-WA0041.opus (archivo adjunto),,INF,WhatsApp,20/1/2026,,
ETIQUETA: Email - Numero inválido | ESTADO: Nuevo | NOTAS: SE ENVIO MAIL Y CATALOGOS,,INF,CRM1,09/03/2023,Nuevo,Email - Numero inválido
CIUDAD: Quito | MENSAJE: Buenos días por favor tal vez algún aplicador en Los Ríos (Buena fé)??,INF,INF,WhatsApp,8/10/2025,,
"ETIQUETA: Venta ganada, Informacion General | ESTADO: Venta ganada | CONSULTA: Asesor: Hola, estoy conectada, te puedo ayudar en algo? Cliente: BUenas noches me puede ayudar con unos precios Asesor: Cual es tu nombre? Cliente: Leonardo Soledispa Asesor: Excelente Leonardo. Yo me | NOTAS: SE ENVIÓ CATÁLOGO GENERAL POR WHATSAPP, SE CONCRETÓ LA VENTA",VEN,COT,CRM2,24/08/2024,Venta ganada,"Venta ganada, Informacion General"
"ETIQUETA: Informacion General | ESTADO: Contactado | NOTAS: CLIENTE FERIA CLAVE CUMBAYA. INF, MICRO",INF,INF,CRM2,25/06/2024,Contactado,Informacion General
CIUDAD: Quito | MENSAJE: Podrían reenviar el último listado actualizado de precios 🙏,COT,COT,WhatsApp,10/7/2025,,
"ETIQUETA: Informacion General | ESTADO: Contactado | NOTAS: ARQUITECTOS, se envía información general y catálogo SJ.",INF,INF,CRM2,29/05/2024,Contactado,Informacion General
ETIQUETA: Envio masivo whasapp | ESTADO: Contactado | NOTAS: Se envió WhatsApp presentación y catalogos,INF,INF,CRM1,10/03/2023,Contactado,Envio masivo whasapp
ETIQUETA: Informacion General | ESTADO: Contactado | NOTAS: se envio catálogos y presentación jeva,INF,INF,CRM1,04/04/2023,Contactado,Informacion General
ETIQUETA: Informacion General | ESTADO: Contactado | NOTAS: se envio presentación y catálogos,INF,INF,CRM1,11/05/2023,Contactado,Informacion General
"ETIQUETA: Cliente Derivado provincias, Informacion General | ESTADO: Contactado | CONSULTA: Asesor: Hola, estoy conectada, te puedo ayudar en algo? Cliente: Hola Marina, necesito una cotización para un servicio de microcemento en la ciudad de Guayaquil. Las medidas son las siguientes: 10m de | NOTAS: DESE APLICAR MICROCEMENTO. SE DERIVO A UN APLICADOR EN GUAYAQUIL",COT,INF,CRM2,28/05/2024,Contactado,"Cliente Derivado provincias, Informacion General"
"ETIQUETA: Cotizacion Materiales, Asesoramiento Tecnico | ESTADO: Contactado | CONSULTA: Asesor: Hola, estoy conectada, te puedo ayudar en algo? Cliente: BUenos días, por favor me ayuda con información de los pisos, estoy buscando un piso de alto tráfico Asesor: Cual es tu nombre? Cliente | NOTAS: desea aplicar microcemento en area comun de un centro comercial",COT,COT,CRM2,13/06/2024,Contactado,"Cotizacion Materiales, Asesoramiento Tecnico"
CIUDAD: Loja | MENSAJE: Buenas tardes estimados aplicadores,INF,INF,WhatsApp,14/5/2024,,
ETIQUETA: Email - Numero inválido | ESTADO: Nuevo | NOTAS: se envió presentación,,INF,CRM1,22/02/2023,Nuevo,Email - Numero inválido
"ETIQUETA: Informacion General | ESTADO: Contactado | CONSULTA: Asesor: Hola, estoy conectada, te puedo ayudar en algo? Cliente: Hola MArina Asesor: ¿Cómo estás? Cuéntame, ¿en que te puedo servir? Cliente: estoy reformando mi departamento y tengo aproximadamente 1 | NOTAS: 150m2 info micro piso",INF,INF,CRM2,11/12/2023,Contactado,Informacion General
ETIQUETA: Informacion General | ESTADO: Contactado | NOTAS: se le envió catalogo de moldes para venta,INF,INF,CRM1,10/07/2023,Contactado,Informacion General
"ETIQUETA: Informacion General | ESTADO: Contactado | CONSULTA: Asesor: Hola, estoy conectada, te puedo ayudar en algo? Cliente: Buenos días Asesor: ¿Cómo estás? Cuéntame, ¿en que te puedo servir? Cliente: Necesito polvo para estampar pisos Asesor: Cual es tu nomb | NOTAS: se envió información general y catálogos",INF,INF,CRM2,02/12/2023,Contactado,Informacion General
CIUDAD: Cuenca | MENSAJE: Que chevere Hatun,INF,INF,WhatsApp,23/11/2025,,
ETIQUETA: Informacion General | ESTADO: Contactado | NOTAS: CLIENTE FERIA CLAVE CUMBAYA INFORMACION MICRO,INF,INF,CRM2,19/06/2024,Contactado,Informacion General
CIUDAD: Manta | MENSAJE: preyesarqui@hotmail.com,INF,INF,WhatsApp,25/4/2024,,
"ETIQUETA: Informacion General | ESTADO: Contactado | NOTAS: CLIENTE FERIA CLAVE , INF, MOLDES",INF,INF,CRM2,19/06/2024,Contactado,Informacion General
CIUDAD: Cuenca | MENSAJE: Les comparto un poquito del trabajo que  realizo pintura escultura arquitectura carpintería construcción 😇,INF,INF,WhatsApp,23/11/2025,,
"ETIQUETA: Informacion General | ESTADO: En seguimiento | NOTAS: CLIENTE BASE CONSTRUEX,se envió información general y catálogos",INF,SEG,CRM2,11/04/2024,En seguimiento,Informacion General
"ETIQUETA: Informacion General | ESTADO: Contactado | CONSULTA: Asesor: Hola, estoy conectada, te puedo ayudar en algo? Cliente: Hola buenas noches Asesor: Cual es tu nombre? Cliente: Jaime Ponce Asesor: Excelente Ponce. Yo me encargo de ponerte en contacto con un | NOTAS: cliente interesado en concreto estampado",INF,INF,CRM2,15/04/2024,Contactado,Informacion General
"ETIQUETA: Informacion General | ESTADO: Contactado | CONSULTA: Asesor: Hola, estoy conectada, te puedo ayudar en algo? Cliente: buenos dia Asesor: ¿Cómo estás? Cuéntame, ¿en que te puedo servir? Cliente: necesito saber si tienen material para decorar una pared As | NOTAS: se envio catalogo de micro y concreto",INF,INF,CRM1,05/06/2023,Contactado,Informacion General
"ETIQUETA: Informacion General | ESTADO: En seguimiento | NOTAS: CLIENTE CONSTRUEX,se envio información general y catálogos",INF,SEG,CRM2,27/05/2024,En seguimiento,Informacion General
"ETIQUETA: Asesoramiento Tecnico | ESTADO: Contactado | CONSULTA: Asesor: Hola, estoy conectada, te puedo ayudar en algo? Cliente: Hola Marina Asesor: ¿Cómo estás? Cuéntame, ¿en que te puedo servir? Cliente: una consulta ustedes pueden pigmentar hormigon para muros  | NOTAS: Cliente se acerco hacia fabrica para preguntar sobre Pigmentos.",TEC,INF,CRM2,05/09/2024,Contactado,Asesoramiento Tecnico
ETIQUETA: Cotizacion Materiales | ESTADO: Contactado | NOTAS: 40 M2 CE MATERIALES AMBATO,COT,COT,CRM2,03/04/2024,Contactado,Cotizacion Materiales
CIUDAD: Quito | MENSAJE: Gracias bendiciones.,INF,INF,WhatsApp,1/12/2025,,
"ETIQUETA: Informacion General | ESTADO: Contactado | CONSULTA: Asesor: Hola, estoy conectada, te puedo ayudar en algo? Cliente: buenas tardes. Asesor: ¿Cómo estás? Cuéntame, ¿en que te puedo servir? Cliente: quisiera conocer mas sobre el microcemento, sobre todo  | NOTAS: INFO DE MICROCEMENTO",INF,INF,CRM2,17/04/2024,Contactado,Informacion General
"ETIQUETA: Informacion General | ESTADO: Contactado | CONSULTA: Asesor: Hola, estoy conectada, te puedo ayudar en algo? Cliente: Buenas tardes me puede ayudar con información Asesor: Cual es tu nombre? Asesor: Sigues ahí? Cliente: Carolina Rodríguez Asesor: Excele | NOTAS: INFO CONCRETO ESTAMPADO",INF,INF,CRM2,26/01/2024,Contactado,Informacion General
ETIQUETA: Cotización Obra | ESTADO: Contactado | NOTAS: 400 m2 MICRO Y 100 m2 C/E PARED,COT,INF,CRM2,03/10/2023,Contactado,Cotización Obra
ETIQUETA: Email - Numero inválido | ESTADO: numero no valido | NOTAS: numero invalido,,INF,CRM1,12/05/2023,numero no valido,Email - Numero inválido
ETIQUETA: Informacion General | ESTADO: Contactado | NOTAS: e envio presentación y catálogos,INF,INF,CRM1,28/03/2023,Contactado,Informacion General
CIUDAD: Loja | MENSAJE: Saludos a todos,INF,INF,WhatsApp,2/5/2024,,
"ETIQUETA: Informacion General | ESTADO: Contactado | NOTAS: Se le envió información general y catálogos,esta interesado en estampar 70m2 vive en cuenca",INF,INF,CRM2,28/08/2023,Contactado,Informacion General
"CIUDAD: Quito | MENSAJE: Compañeros buenas tardes, favor alguien que me ayude a aplicar el Tinzet en unas bancas que tenga disponibilidad está semana, de antemano muchas gracias 🫂",INF,INF,WhatsApp,7/4/2025,,
ETIQUETA: Email - Numero inválido | ESTADO: Nuevo | NOTAS: se envió catalogo y WhatsApp,,INF,CRM1,09/03/2023,Nuevo,Email - Numero inválido
ETIQUETA: Informacion General | ESTADO: Contactado | NOTAS: Se envío información general y catálogos,INF,INF,CRM2,04/09/2023,Contactado,Informacion General
"CIUDAD: Manta | MENSAJE: saludos ., el separador de juntas puedes comprarlo en Kiwy",INF,VEN,WhatsApp,11/6/2024,,
"ETIQUETA: Informacion General | ESTADO: Contactado | CONSULTA: Asesor: Hola, estoy conectada, te puedo ayudar en algo? Cliente: hola buen dia Asesor: ¿Cómo estás? Cuéntame, ¿en que te puedo servir? Asesor: Sigues ahí? Cliente: si Asesor: Cual es tu nombre? Client",INF,INF,CRM2,21/02/2024,Contactado,Informacion General
"ETIQUETA: Informacion General | ESTADO: Contactado | CONSULTA: Asesor: Hola, estoy conectada, te puedo ayudar en algo? Cliente: hola buenos días, soy Beatriz Ruiz del hotel Galápagos Safari Camp, estoy buscando 2 galones de sellante de poliuretano para sellar pis",INF,VEN,CRM2,05/09/2023,Contactado,Informacion General
"CIUDAD: Manta | MENSAJE: el día de mañana le hacemos llegar, estamos realizando algunos cambios",INF,INF,WhatsApp,14/5/2024,,
ETIQUETA: Email - Numero inválido | ESTADO: Nuevo | NOTAS: se envió catalogo y presentación,,INF,CRM1,09/03/2023,Nuevo,Email - Numero inválido
"ETIQUETA: Informacion General | ESTADO: Contactado | CONSULTA: Asesor: Hola, estoy conectada, te puedo ayudar en algo? Cliente: Buen día, es posible que me ayude con una cotización? Necesito sacar baldosas de la terraza, césped sintético y me gustaría colocar cem | NOTAS: C/E PISO",COT,INF,CRM2,25/09/2023,Contactado,Informacion General
CIUDAD: Loja | MENSAJE: Recuerden que el microcemento está enfocado más a la parte decorativa,INF,INF,WhatsApp,7/11/2024,,
ETIQUETA: Email - Numero inválido | ESTADO: Contactado | NOTAS: se envio catalogos y presentacion agendas,,INF,CRM1,28/03/2023,Contactado,Email - Numero inválido
"ETIQUETA: Informacion General | ESTADO: Contactado | CONSULTA: Asesor: Hola, estoy conectada, te puedo ayudar en algo? Cliente: Buenas tardes! Asesor: ¿Cómo estás? Cuéntame, ¿en que te puedo servir? Cliente: Tengo un piso de cemento pulido y me gustaría darle alg | NOTAS: Info de acabados para piso",INF,INF,CRM2,22/02/2024,Contactado,Informacion General
"CIUDAD: Manta | MENSAJE: Y a Erika Valencia que es nuestra Supervisora Adminsitrativa , ella es MBA en Admistracion y Negocios y también maneja muy bien la parte técnica.",INF,INF,WhatsApp,25/4/2024,,
CIUDAD: Cuenca | MENSAJE: ‎IMG-20251124-WA0012.jpg (archivo adjunto),,INF,WhatsApp,24/11/2025,,
ETIQUETA: Email inválido | ESTADO: Nuevo | NOTAS: se envió catálogos y presentación,,INF,CRM1,14/03/2023,Nuevo,Email inválido
CIUDAD: Cuenca | MENSAJE: seria el valor del m2 por la aplicación completa por favor,COT,INF,WhatsApp,20/1/2026,,
ETIQUETA: Cotización Obra | ESTADO: En seguimiento | NOTAS: 121 m2 puembo piso y paredes microcemento.,COT,SEG,CRM1,19/05/2023,En seguimiento,Cotización Obra
CIUDAD: Quito | MENSAJE: por favor me pueden indicar ?,INF,INF,WhatsApp,18/8/2025,,
ETIQUETA: Informacion General | ESTADO: Contactado | CONSULTA: Hola! Soy Belén Acosta y Me dedico al diseño interior. Por favor he hecho una propuesta con microcemento a una cliente. Cómo no es un material muy convencional a ella le gustaría ver una muestra. Es p | NOTAS: INFO MICRO,INF,INF,CRM2,04/10/2023,Contactado,Informacion General
"ETIQUETA: Cotizacion Materiales, Informacion General | ESTADO: Contactado | NOTAS: 60 M2 PISO MICRO GYE",COT,COT,CRM1,17/07/2023,Contactado,"Cotizacion Materiales, Informacion General"
CIUDAD: Guayaquil | MENSAJE: Muy buenas tardes Sr. Suarez bienvenido al grupo de Rocktec este grupo se creo con la intención de brindarles un mejor servicio y también para que podamos compartir nuestras obras de arte con materiales de Rocktec,INF,INF,WhatsApp,27/8/2025,,
CIUDAD: Manta | MENSAJE: gb.arquitecto@hotmail.es,INF,INF,WhatsApp,25/4/2024,,
CIUDAD: Quito | MENSAJE: ‎IMG-20251129-WA0012.jpg (archivo adjunto),,INF,WhatsApp,29/11/2025,,
CIUDAD: Cuenca | MENSAJE: Muy amable le escribo por interno,INF,INF,WhatsApp,24/11/2025,,
"ETIQUETA: Informacion General | ESTADO: Contactado | CONSULTA: Asesor: Hola, estoy conectada, te puedo ayudar en algo? Cliente: hola me ayudaria con un listado de acabado conmicrocemento Asesor: Cual es tu nombre? Cliente: alejandro Asesor: Excelente Alejandro. Y | NOTAS: se envió un mail con información general",INF,INF,CRM2,20/09/2023,Contactado,Informacion General
CIUDAD: Manta | MENSAJE: Chicos buenos dias,INF,INF,WhatsApp,12/3/2025,,
CIUDAD: Guayaquil | MENSAJE: Cuando estarán pasando lusta de producto con precios y fichas técnicas? Ya quiero pedir 🤭,COT,COT,WhatsApp,5/3/2026,,
